Age,Sex,Job,Saving accounts,Checking account,Credit amount,Duration,Risk,Purpose_business,Purpose_car,Purpose_domestic appliances,Purpose_education,Purpose_furniture/equipment,Purpose_radio/TV,Purpose_repairs,Purpose_vacation/others,Housing_free,Housing_own,Housing_rent
0.9230769230769231,1,0.6666666666666666,0.0,0.0,0.0505667436997909,0.0625,1,0,0,0,0,0,1,0,0,0,1,0
0.057692307692307696,0,0.6666666666666666,0.0,0.5,0.3136898866512601,0.90625,0,0,0,0,0,0,1,0,0,0,1,0
0.576923076923077,1,0.3333333333333333,0.0,0.0,0.10157367668097282,0.25,1,0,0,0,1,0,0,0,0,0,1,0
0.5,1,0.6666666666666666,0.0,0.0,0.4199405744470122,0.8125,1,0,0,0,0,1,0,0,0,1,0,0
0.6538461538461539,1,0.6666666666666666,0.0,0.0,0.25420931000330144,0.53125,0,0,1,0,0,0,0,0,0,1,0,0
0.3076923076923077,1,0.3333333333333333,0.0,0.0,0.4844833278309673,0.71875,1,0,0,0,1,0,0,0,0,1,0,0
0.6538461538461539,1,0.6666666666666666,0.6666666666666666,0.0,0.14223616154946628,0.53125,1,0,0,0,0,1,0,0,0,0,1,0
0.3076923076923077,1,1.0,0.0,0.5,0.3685484758446132,0.71875,1,0,1,0,0,0,0,0,0,0,0,1
0.8076923076923077,1,0.3333333333333333,1.0,0.0,0.15456146142841423,0.25,1,0,0,0,0,0,1,0,0,0,1,0
0.17307692307692307,1,1.0,0.0,0.5,0.27423792230659183,0.65625,0,0,1,0,0,0,0,0,0,0,1,0
0.11538461538461539,0,0.6666666666666666,0.0,0.5,0.05749972488169913,0.25,0,0,1,0,0,0,0,0,0,0,0,1
0.09615384615384616,0,0.6666666666666666,0.0,0.0,0.22328601298558381,0.90625,0,1,0,0,0,0,0,0,0,0,0,1
0.057692307692307696,0,0.6666666666666666,0.0,0.5,0.07246616044899307,0.25,1,0,0,0,0,0,1,0,0,0,1,0
0.7884615384615385,1,0.3333333333333333,0.0,0.0,0.052217453505007144,0.53125,0,0,1,0,0,0,0,0,0,0,1,0
0.17307692307692307,0,0.6666666666666666,0.0,0.0,0.06344228018047761,0.34375,1,0,1,0,0,0,0,0,0,0,0,1
0.25,0,0.3333333333333333,0.3333333333333333,0.0,0.056784417299438755,0.53125,0,0,0,0,0,0,1,0,0,0,1,0
0.6538461538461539,1,0.6666666666666666,0.0,0.0,0.11962143721800374,0.53125,1,0,0,0,0,0,1,0,0,0,1,0
0.11538461538461539,1,0.6666666666666666,0.0,0.0,0.43039506988004844,0.65625,1,1,0,0,0,0,0,0,0,0,1,0
0.4807692307692308,0,1.0,0.0,0.5,0.6783867062837019,0.53125,0,0,1,0,0,0,0,0,0,1,0,0
0.23076923076923078,1,0.6666666666666666,0.6666666666666666,0.0,0.17497523935292178,0.53125,1,0,0,0,0,0,1,0,0,0,1,0
0.5576923076923077,1,0.6666666666666666,0.0,0.0,0.10366457576758006,0.15625,1,0,1,0,0,0,0,0,0,0,1,0
0.4807692307692308,1,0.6666666666666666,0.6666666666666666,0.0,0.13189171343677783,0.0625,1,0,0,0,0,0,1,0,0,0,0,1
0.5576923076923077,1,0.3333333333333333,0.0,0.0,0.10955210740618465,0.1875,1,0,1,0,0,0,0,0,0,0,0,1
0.4807692307692308,1,0.6666666666666666,0.3333333333333333,0.5,0.08550676791020138,0.25,1,0,1,0,0,0,0,0,0,0,1,0
0.13461538461538464,1,0.6666666666666666,0.0,0.0,0.10008803785627819,0.1875,1,0,0,0,0,1,0,0,0,0,1,0
0.3269230769230769,1,0.3333333333333333,0.0,0.0,0.06184659403543523,0.0625,1,0,0,0,0,1,0,0,0,0,1,0
0.38461538461538464,1,0.3333333333333333,0.0,0.0,0.00968416419060196,0.0625,1,0,0,0,0,0,1,0,0,0,1,0
0.44230769230769235,0,0.6666666666666666,1.0,1.0,0.008748761967646089,0.25,1,0,0,0,0,0,1,0,0,0,0,1
0.2884615384615385,1,0.6666666666666666,0.0,0.5,0.11912622427643886,0.09375,1,0,0,0,0,0,1,0,0,0,1,0
0.8461538461538463,1,0.6666666666666666,0.0,0.0,0.36238582590513924,0.96875,0,1,0,0,0,0,0,0,0,0,1,0
0.3269230769230769,1,0.6666666666666666,1.0,0.5,0.09150434686915374,0.40625,1,1,0,0,0,0,0,0,0,0,1,0
0.15384615384615385,1,0.6666666666666666,0.0,0.0,0.20743919885550788,0.53125,1,0,0,0,0,1,0,0,0,0,1,0
0.21153846153846156,1,0.6666666666666666,0.3333333333333333,0.5,0.3090128755364807,0.40625,1,0,1,0,0,0,0,0,0,0,1,0
0.7307692307692308,1,0.3333333333333333,0.0,0.0,0.055793991416309016,0.25,1,1,0,0,0,0,0,0,0,0,0,1
0.2692307692307693,0,1.0,0.0,1.0,0.06734896005282272,0.25,1,0,0,0,0,1,0,0,0,0,1,0
0.11538461538461539,1,0.3333333333333333,0.0,0.5,0.24738637614174097,0.84375,0,0,0,0,0,0,1,0,0,0,1,0
0.23076923076923078,1,0.6666666666666666,0.0,0.0,0.32243864861890614,0.90625,1,0,0,0,1,0,0,0,0,1,0,0
0.34615384615384615,1,0.6666666666666666,0.0,1.0,0.10179377132166832,0.40625,0,0,0,0,0,0,1,0,0,0,1,0
0.34615384615384615,1,0.6666666666666666,0.0,1.0,0.0536480686695279,0.1875,1,0,0,1,0,0,0,0,0,0,1,0
0.09615384615384616,1,0.6666666666666666,0.0,0.5,0.011444921316165951,0.15625,1,0,0,0,0,0,1,0,0,0,1,0
0.21153846153846156,1,1.0,0.6666666666666666,0.0,0.11461428414218112,0.65625,1,0,0,0,0,0,1,0,0,0,1,0
0.13461538461538464,1,0.6666666666666666,0.6666666666666666,0.5,0.04996148343787829,0.25,1,0,0,0,0,0,1,0,0,0,1,0
0.4807692307692308,1,0.3333333333333333,0.0,0.5,0.32761087267525035,0.40625,1,0,0,0,0,0,0,1,0,0,1,0
0.09615384615384616,1,0.6666666666666666,0.3333333333333333,0.0,0.3266754704522945,0.65625,1,0,1,0,0,0,0,0,0,0,0,1
0.75,0,0.3333333333333333,0.0,0.0,0.324254429404644,0.90625,0,0,1,0,0,0,0,0,0,1,0,0
0.3076923076923077,0,1.0,0.0,0.0,0.06289204357873886,0.21875,1,0,1,0,0,0,0,0,0,0,1,0
0.38461538461538464,1,0.6666666666666666,0.6666666666666666,0.0,0.1127434796962694,0.71875,1,0,0,0,0,0,1,0,0,0,1,0
0.07692307692307693,0,0.0,0.6666666666666666,0.0,0.06063607351160999,0.0625,1,0,1,0,0,0,0,0,0,0,0,1
0.38461538461538464,1,0.3333333333333333,0.0,0.0,0.38395510069329813,0.21875,1,0,1,0,0,0,0,0,0,0,1,0
0.17307692307692307,0,0.6666666666666666,0.3333333333333333,0.0,0.10030813249697369,0.25,1,0,0,0,0,0,1,0,0,0,1,0
0.19230769230769232,1,0.3333333333333333,0.0,0.5,0.11461428414218112,0.53125,1,0,0,0,0,1,0,0,0,0,1,0
0.21153846153846156,1,1.0,0.0,0.5,0.3144602178936943,0.59375,1,0,1,0,0,0,0,0,0,0,1,0
0.11538461538461539,1,0.6666666666666666,0.0,0.0,0.055683944095961266,0.25,1,0,0,0,0,0,1,0,0,0,1,0
0.23076923076923078,1,0.6666666666666666,0.0,0.0,0.17211400902388027,0.40625,1,0,1,0,0,0,0,0,0,0,1,0
0.7307692307692308,1,0.6666666666666666,0.0,0.5,0.10867172884340266,0.71875,0,0,1,0,0,0,0,0,0,1,0,0
0.13461538461538464,1,0.3333333333333333,0.0,0.0,0.029327610872675252,0.0625,1,0,1,0,0,0,0,0,0,0,1,0
0.6346153846153847,1,1.0,0.0,0.5,0.3421371189611533,0.25,0,0,0,0,0,0,1,0,0,0,1,0
0.23076923076923078,0,0.6666666666666666,0.0,0.0,0.5126004181798173,0.71875,1,0,0,0,0,0,1,0,0,0,1,0
0.07692307692307693,0,1.0,0.0,1.0,0.09414548255749973,0.40625,1,0,1,0,0,0,0,0,0,0,1,0
0.07692307692307693,0,0.3333333333333333,0.0,0.0,0.32898646417959726,0.71875,0,0,0,0,0,1,0,0,0,0,0,1
0.15384615384615385,1,0.6666666666666666,0.0,0.5,0.0627819962583911,0.15625,1,1,0,0,0,0,0,0,0,0,1,0
0.5961538461538461,1,0.6666666666666666,0.0,0.5,0.07081545064377683,0.34375,1,0,0,0,0,0,1,0,0,0,1,0
0.8076923076923077,1,1.0,0.0,0.5,0.09370529327610873,0.71875,0,1,0,0,0,0,0,0,0,1,0,0
0.11538461538461539,1,0.6666666666666666,0.0,0.5,0.7797402883239792,0.90625,0,1,0,0,0,0,0,0,0,0,1,0
0.13461538461538464,0,0.6666666666666666,0.0,0.0,0.16127434796962695,0.53125,1,0,0,0,0,0,1,0,0,0,1,0
0.5576923076923077,1,0.6666666666666666,0.0,0.0,0.2718168812589414,0.59375,1,0,0,0,0,0,0,1,0,0,1,0
0.19230769230769232,0,0.6666666666666666,0.0,0.0,0.10570045119401342,0.25,1,0,0,0,0,0,1,0,0,0,1,0
0.057692307692307696,1,0.6666666666666666,1.0,0.5,0.041652910751623196,0.25,1,0,1,0,0,0,0,0,0,0,1,0
0.34615384615384615,1,0.6666666666666666,0.0,0.0,0.08633212281280951,0.71875,0,0,0,0,1,0,0,0,0,1,0,0
0.11538461538461539,0,0.6666666666666666,0.0,0.0,0.11797072741278751,0.71875,1,0,0,0,0,0,1,0,0,0,1,0
0.21153846153846156,0,0.6666666666666666,0.0,0.0,0.4337515131506548,0.71875,1,0,1,0,0,0,0,0,0,0,1,0
0.5192307692307693,1,0.3333333333333333,0.0,0.0,0.02641135688345989,0.09375,1,0,0,0,0,0,1,0,0,0,0,1
0.6153846153846154,1,1.0,0.0,0.0,0.05029162539892153,0.125,1,0,0,0,0,0,0,0,1,1,0,0
0.42307692307692313,0,0.3333333333333333,0.0,0.5,0.3138549576317817,0.8125,1,1,0,0,0,0,0,0,0,0,1,0
0.40384615384615385,1,1.0,0.0,0.0,0.09502586112028172,0.71875,0,0,0,0,1,0,0,0,0,0,1,0
0.9038461538461539,1,1.0,0.0,0.0,0.0702101903818642,0.25,1,0,1,0,0,0,0,0,0,1,0,0
0.2884615384615385,1,0.6666666666666666,0.0,0.0,0.20441289754594477,0.8125,0,0,0,0,0,0,1,0,0,0,1,0
0.6153846153846154,1,0.6666666666666666,0.0,0.5,0.24876196764608782,0.21875,1,0,0,0,0,0,1,0,0,0,1,0
0.38461538461538464,1,0.3333333333333333,0.0,0.0,0.5054473423572136,0.9375,1,0,1,0,0,0,0,0,0,0,1,0
0.057692307692307696,1,0.6666666666666666,0.0,0.5,0.19709475074281943,0.65625,1,0,0,0,0,1,0,0,0,0,1,0
0.4807692307692308,0,0.6666666666666666,0.0,0.0,0.3132496973698691,0.53125,0,0,0,0,0,0,1,0,0,0,1,0
0.5384615384615385,1,0.6666666666666666,0.6666666666666666,0.0,0.0529877847474414,0.34375,1,0,0,0,0,0,1,0,0,0,1,0
0.09615384615384616,0,0.3333333333333333,0.3333333333333333,0.0,0.07252118410916694,0.40625,1,1,0,0,0,0,0,0,0,0,0,1
0.75,0,0.3333333333333333,0.0,0.0,0.08281060856168151,0.53125,1,0,0,0,0,0,0,0,1,0,1,0
0.6346153846153847,1,0.3333333333333333,0.0,0.0,0.1136238582590514,0.1875,1,0,0,0,0,0,1,0,0,0,1,0
0.19230769230769232,0,1.0,0.0,0.0,0.06393749312204247,0.25,1,1,0,0,0,0,0,0,0,0,1,0
0.15384615384615385,0,0.6666666666666666,0.0,0.5,0.05749972488169913,0.40625,1,0,0,0,0,1,0,0,0,0,1,0
0.5384615384615385,1,0.6666666666666666,0.3333333333333333,0.5,0.6802024870694399,0.71875,0,0,0,0,1,0,0,0,0,1,0,0
0.21153846153846156,1,1.0,0.3333333333333333,0.0,0.10999229668757565,0.40625,1,0,1,0,0,0,0,0,0,0,1,0
0.17307692307692307,1,0.6666666666666666,0.0,0.0,0.047210300429184546,0.25,0,0,0,0,0,0,0,1,0,0,1,0
0.7115384615384616,1,0.6666666666666666,0.0,0.0,0.020248706943985912,0.25,1,0,0,0,0,0,1,0,0,0,1,0
0.6730769230769231,1,0.6666666666666666,0.0,0.0,0.06377242214152085,0.25,1,0,1,0,0,0,0,0,0,0,1,0
0.2692307692307693,0,0.3333333333333333,0.0,0.0,0.030097942115109497,0.25,0,0,0,0,0,0,1,0,0,0,1,0
0.019230769230769232,1,0.6666666666666666,0.0,1.0,0.18526466380543635,0.53125,1,0,0,0,0,1,0,0,0,0,0,1
0.6730769230769231,1,0.6666666666666666,1.0,0.5,0.05876526906569825,0.25,1,0,1,0,0,0,0,0,0,0,1,0
0.75,1,0.6666666666666666,0.0,0.5,0.8635963464289644,0.9375,0,1,0,0,0,0,0,0,0,0,0,1
0.8076923076923077,0,0.6666666666666666,0.0,0.0,0.09695168922636734,0.25,1,0,0,0,1,0,0,0,0,0,1,0
0.2884615384615385,1,0.6666666666666666,0.3333333333333333,0.5,0.13051612193243095,0.40625,1,1,0,0,0,0,0,0,0,0,1,0
0.3269230769230769,1,0.6666666666666666,0.0,0.5,0.11483437878287663,0.71875,1,0,0,0,0,0,1,0,0,0,1,0
0.3269230769230769,1,1.0,0.0,0.5,0.37454605480356556,0.4375,1,0,1,0,0,0,0,0,0,0,0,1
0.42307692307692313,1,0.3333333333333333,0.3333333333333333,0.0,0.06707384175195334,0.53125,1,0,1,0,0,0,0,0,0,0,0,1
0.09615384615384616,1,0.6666666666666666,0.0,0.5,0.1140640475404424,0.71875,1,0,0,0,0,0,1,0,0,0,0,1
0.09615384615384616,0,0.6666666666666666,0.0,0.0,0.037526136238582586,0.0625,1,0,0,0,0,0,1,0,0,0,1,0
0.3076923076923077,1,0.6666666666666666,0.0,0.5,0.09183448883019699,0.15625,1,0,0,0,0,1,0,0,0,0,0,1
0.13461538461538464,1,0.6666666666666666,0.0,0.0,0.12077693408165512,0.25,1,0,1,0,0,0,0,0,0,0,0,1
0.38461538461538464,1,1.0,0.0,0.5,0.6431165401122483,0.53125,0,0,0,0,0,0,0,0,1,0,1,0
0.38461538461538464,1,1.0,0.0,0.0,0.34158688235941453,0.40625,0,0,1,0,0,0,0,0,0,0,1,0
0.25,1,0.6666666666666666,0.0,0.5,0.32067789149334214,0.25,1,0,1,0,0,0,0,0,0,0,1,0
0.21153846153846156,0,0.6666666666666666,0.0,0.0,0.4110817651590184,0.53125,1,0,0,0,0,1,0,0,0,0,1,0
0.3076923076923077,1,0.6666666666666666,0.6666666666666666,0.5,0.06382744580169472,0.3125,1,1,0,0,0,0,0,0,0,0,1,0
0.23076923076923078,1,0.6666666666666666,0.3333333333333333,0.5,0.06597336854847584,0.0625,1,1,0,0,0,0,0,0,0,0,1,0
0.07692307692307693,0,0.6666666666666666,0.0,1.0,0.007813359744690218,0.34375,1,0,0,0,1,0,0,0,0,0,0,1
0.17307692307692307,1,0.3333333333333333,0.0,0.5,0.33069219764498736,0.40625,1,0,1,0,0,0,0,0,0,0,0,1
0.11538461538461539,0,0.6666666666666666,0.0,0.0,0.4184549356223176,0.71875,0,0,1,0,0,0,0,0,0,0,1,0
0.3076923076923077,1,0.6666666666666666,0.6666666666666666,0.0,0.07868383404864092,0.25,1,0,0,0,0,0,1,0,0,0,1,0
0.5384615384615385,1,0.6666666666666666,0.0,0.0,0.18311874105865522,0.90625,1,0,0,0,0,0,1,0,0,0,1,0
0.21153846153846156,0,1.0,0.0,0.0,0.3809838230439089,0.8125,0,0,0,0,0,0,1,0,0,0,1,0
0.15384615384615385,0,0.6666666666666666,0.0,0.0,0.10355452844723231,0.1875,1,0,0,0,0,1,0,0,0,0,0,1
0.07692307692307693,0,0.6666666666666666,0.6666666666666666,0.0,0.22180037416088919,0.6875,0,0,0,0,0,1,0,0,0,0,1,0
0.3269230769230769,1,1.0,0.6666666666666666,0.5,0.116430064927919,0.25,1,0,1,0,0,0,0,0,0,0,1,0
0.11538461538461539,0,0.6666666666666666,0.0,0.0,0.0872125013755915,0.46875,0,0,0,0,0,0,1,0,0,0,1,0
0.42307692307692313,0,1.0,0.0,0.0,0.1990756025090789,0.53125,1,0,1,0,0,0,0,0,0,0,0,1
0.09615384615384616,1,0.3333333333333333,0.0,0.0,0.08352591614394189,0.25,1,0,0,0,0,1,0,0,0,0,0,1
0.8461538461538463,1,0.6666666666666666,0.0,1.0,0.0292175635523275,0.1875,1,0,1,0,0,0,0,0,0,1,0,0
0.15384615384615385,0,0.6666666666666666,0.0,0.5,0.09210960713106636,0.40625,0,0,0,0,0,1,0,0,0,0,0,1
0.21153846153846156,1,0.6666666666666666,0.0,0.0,0.10294926818531969,0.25,1,0,1,0,0,0,0,0,0,0,1,0
0.40384615384615385,1,0.3333333333333333,0.0,0.0,0.024815670738417523,0.25,1,0,0,0,0,0,1,0,0,0,1,0
0.21153846153846156,1,0.6666666666666666,0.0,0.5,0.021404203807637284,0.25,0,0,0,0,0,0,0,1,0,0,1,0
0.2884615384615385,1,1.0,0.0,0.5,0.08858809287993837,0.25,1,0,1,0,0,0,0,0,0,0,1,0
0.19230769230769232,0,0.6666666666666666,0.0,0.0,0.17877187190491914,0.25,0,0,1,0,0,0,0,0,0,0,1,0
0.09615384615384616,0,0.6666666666666666,0.0,0.5,0.45322988885220644,0.90625,1,0,1,0,0,0,0,0,0,0,1,0
0.19230769230769232,1,0.6666666666666666,0.0,0.0,0.36519203257400684,0.71875,0,0,0,0,1,0,0,0,0,0,1,0
0.15384615384615385,1,0.3333333333333333,0.0,0.0,0.1352481567073842,0.34375,1,0,0,0,0,1,0,0,0,0,1,0
0.5384615384615385,1,0.6666666666666666,0.0,0.0,0.09541102674149884,0.40625,1,0,0,0,0,1,0,0,0,1,0,0
0.038461538461538464,0,0.6666666666666666,0.3333333333333333,0.0,0.5444040937603168,0.96875,1,0,0,0,0,0,1,0,0,0,1,0
0.3653846153846154,0,0.6666666666666666,0.0,0.0,0.05447342357213601,0.25,1,0,0,0,0,0,1,0,0,0,1,0
0.15384615384615385,1,0.6666666666666666,1.0,0.0,0.46016287003411466,0.59375,1,0,1,0,0,0,0,0,0,0,1,0
0.9038461538461539,1,0.3333333333333333,0.6666666666666666,0.5,0.02839220864971938,0.25,0,0,0,0,0,0,1,0,0,0,1,0
0.3076923076923077,1,0.6666666666666666,0.0,0.5,0.1363486299108617,0.34375,1,0,0,0,0,0,1,0,0,0,1,0
0.4807692307692308,0,0.3333333333333333,0.0,1.0,0.08974358974358974,0.25,1,0,0,0,0,0,1,0,0,0,0,1
0.15384615384615385,1,0.0,1.0,1.0,0.025255860019808517,0.0625,1,0,1,0,0,0,0,0,0,0,1,0
0.21153846153846156,0,1.0,0.0,0.5,0.2500825354902608,0.71875,1,0,0,0,0,0,1,0,0,0,1,0
0.15384615384615385,1,1.0,0.0,0.0,0.17420490811048753,0.59375,1,0,0,0,0,0,1,0,0,0,1,0
0.057692307692307696,1,0.6666666666666666,0.0,0.0,0.121712336304611,0.40625,0,0,0,0,0,1,0,0,0,0,1,0
0.07692307692307693,0,0.6666666666666666,0.0,0.0,0.11213821943435677,0.46875,1,0,0,0,0,1,0,0,0,0,1,0
0.21153846153846156,1,0.6666666666666666,0.3333333333333333,0.5,0.18245845713656875,0.90625,1,1,0,0,0,0,0,0,0,0,1,0
0.38461538461538464,0,0.6666666666666666,0.0,0.0,0.0335644327060636,0.0625,1,0,1,0,0,0,0,0,0,0,1,0
0.6153846153846154,0,0.6666666666666666,0.3333333333333333,0.0,0.023770221195113902,0.25,1,0,1,0,0,0,0,0,0,0,1,0
0.17307692307692307,1,0.6666666666666666,0.0,0.0,0.2817761637504127,0.71875,1,0,0,0,0,1,0,0,0,0,1,0
0.5192307692307693,1,0.6666666666666666,1.0,0.0,0.07329151535160118,0.40625,1,0,0,0,0,0,1,0,0,0,1,0
0.44230769230769235,1,0.6666666666666666,0.3333333333333333,0.0,0.06030593155056674,0.0625,1,0,0,0,0,0,1,0,0,1,0,0
0.3653846153846154,1,0.6666666666666666,0.0,0.0,0.09210960713106636,0.1875,1,0,0,0,0,0,1,0,0,0,1,0
0.09615384615384616,1,0.6666666666666666,0.0,1.0,0.30802244965335096,0.71875,1,0,0,0,0,0,1,0,0,0,1,0
0.19230769230769232,0,0.6666666666666666,1.0,0.5,0.41311764058545175,0.53125,1,0,1,0,0,0,0,0,0,0,0,1
0.3269230769230769,1,1.0,0.3333333333333333,0.5,0.3695939253879168,0.53125,1,1,0,0,0,0,0,0,0,0,0,1
0.019230769230769232,0,0.6666666666666666,0.0,0.0,0.056784417299438755,0.25,0,0,0,0,0,1,0,0,0,0,0,1
0.5576923076923077,1,0.6666666666666666,0.3333333333333333,0.0,0.057114559260482006,0.15625,1,0,0,0,0,0,0,1,0,0,1,0
0.5,1,0.3333333333333333,0.0,0.0,0.004897105755474855,0.25,1,0,0,0,1,0,0,0,0,0,1,0
0.3653846153846154,1,0.6666666666666666,0.3333333333333333,0.5,0.1794871794871795,0.53125,1,0,1,0,0,0,0,0,0,0,1,0
0.2884615384615385,1,0.3333333333333333,0.0,0.0,0.09067899196654561,0.0625,1,0,0,0,0,0,1,0,0,0,1,0
0.3269230769230769,1,0.6666666666666666,0.3333333333333333,0.0,0.14427203697589966,0.53125,1,0,0,0,0,0,1,0,0,0,1,0
0.21153846153846156,0,0.6666666666666666,0.0,0.0,0.04429404643996919,0.40625,1,0,1,0,0,0,0,0,0,0,1,0
0.3269230769230769,1,0.6666666666666666,0.6666666666666666,0.0,0.055683944095961266,0.34375,1,0,0,1,0,0,0,0,0,0,1,0
0.9615384615384616,1,1.0,0.0,0.5,0.3883569935072081,0.1875,1,0,1,0,0,0,0,0,0,1,0,0
0.3269230769230769,1,0.6666666666666666,0.6666666666666666,0.0,0.03626059205458347,0.71875,1,0,1,0,0,0,0,0,0,0,1,0
0.25,1,0.6666666666666666,0.6666666666666666,0.0,0.15010454495433037,0.0625,1,0,0,0,0,1,0,0,0,0,1,0
0.2692307692307693,0,0.6666666666666666,0.0,0.0,0.048475844613183675,0.40625,0,0,0,0,0,1,0,0,0,0,1,0
0.019230769230769232,0,0.6666666666666666,1.0,0.5,0.07301639705073182,0.21875,1,0,0,0,0,1,0,0,0,0,1,0
0.11538461538461539,0,0.6666666666666666,0.0,0.0,0.2047980631671619,0.53125,1,0,0,0,0,1,0,0,0,0,0,1
0.23076923076923078,1,0.6666666666666666,0.0,0.5,0.09271486739297898,0.53125,0,1,0,0,0,0,0,0,0,0,1,0
0.2692307692307693,1,0.6666666666666666,0.0,0.0,0.03851656212171234,0.34375,0,0,1,0,0,0,0,0,0,0,0,1
0.13461538461538464,0,0.6666666666666666,0.0,0.0,0.028227137669197756,0.25,1,0,0,0,0,1,0,0,0,0,1,0
0.2884615384615385,0,1.0,0.0,0.5,0.09981291955540883,0.53125,0,0,0,0,0,1,0,0,0,0,1,0
0.2692307692307693,1,0.6666666666666666,0.0,0.5,0.06404754044239022,0.125,1,0,0,0,0,0,1,0,0,0,1,0
0.13461538461538464,1,0.6666666666666666,0.0,0.0,0.17409486079013978,0.46875,0,0,0,0,1,0,0,0,0,0,1,0
0.6538461538461539,0,1.0,0.0,0.0,0.39809618135798397,0.65625,0,0,1,0,0,0,0,0,0,0,1,0
0.44230769230769235,1,0.6666666666666666,0.0,0.0,0.1280400572246066,0.25,1,0,0,0,0,1,0,0,0,0,1,0
0.6346153846153847,1,0.6666666666666666,0.6666666666666666,0.0,0.00484208209530098,0.0625,1,0,0,0,0,0,1,0,0,0,1,0
0.23076923076923078,1,1.0,0.0,0.0,0.09425552987784747,0.25,1,0,0,0,0,0,1,0,0,0,0,1
0.8846153846153847,1,0.6666666666666666,0.0,0.0,0.0176625949158138,0.46875,1,0,1,0,0,0,0,0,0,0,1,0
0.17307692307692307,1,0.6666666666666666,0.0,0.0,0.5129305601408606,0.71875,0,1,0,0,0,0,0,0,0,0,1,0
0.21153846153846156,1,1.0,0.0,0.5,0.2313744910311434,0.71875,0,1,0,0,0,0,0,0,0,0,1,0
0.40384615384615385,1,0.3333333333333333,0.0,0.0,0.07686805326290305,0.46875,0,0,1,0,0,0,0,0,0,0,1,0
0.5961538461538461,1,0.6666666666666666,1.0,0.0,0.19406844943325632,0.53125,1,0,0,0,0,1,0,0,0,0,1,0
0.3269230769230769,1,0.6666666666666666,0.0,0.5,0.034885000550236606,0.40625,0,0,1,0,0,0,0,0,0,0,1,0
0.23076923076923078,1,0.6666666666666666,0.0,0.0,0.06107626279300099,0.34375,1,0,0,0,0,0,1,0,0,0,1,0
0.9807692307692308,0,1.0,0.0,0.5,0.268460437988335,0.15625,0,0,1,0,0,0,0,0,0,1,0,0
0.9423076923076924,1,0.0,0.0,0.5,0.050896885660834154,0.375,1,0,1,0,0,0,0,0,0,1,0,0
0.019230769230769232,1,0.6666666666666666,0.3333333333333333,0.0,0.0233300319137229,0.25,0,0,0,0,0,0,1,0,0,0,1,0
0.2692307692307693,0,0.6666666666666666,0.0,0.5,0.16474083856058105,0.40625,1,0,0,0,0,1,0,0,0,0,1,0
0.6730769230769231,1,1.0,1.0,0.0,0.23885770881479035,0.53125,0,1,0,0,0,0,0,0,0,0,1,0
0.2884615384615385,1,0.3333333333333333,0.3333333333333333,0.5,0.19775503466490593,0.90625,0,1,0,0,0,0,0,0,0,1,0,0
0.3269230769230769,1,0.6666666666666666,0.0,0.5,0.20166171453725104,0.59375,0,1,0,0,0,0,0,0,0,0,1,0
0.19230769230769232,1,0.6666666666666666,0.0,0.0,0.10223396060305931,0.0625,1,0,0,0,0,0,1,0,0,0,0,1
0.038461538461538464,1,0.6666666666666666,0.3333333333333333,0.5,0.15302079894354573,0.84375,0,0,0,0,0,0,1,0,0,0,0,1
0.2884615384615385,0,1.0,0.0,0.5,0.06883459887751733,0.15625,0,0,0,0,1,0,0,0,0,0,1,0
0.17307692307692307,0,0.6666666666666666,0.0,0.0,0.06228678331682623,0.0625,1,0,0,0,0,0,1,0,0,0,1,0
0.15384615384615385,0,0.6666666666666666,0.3333333333333333,0.5,0.038571585781886214,0.25,0,0,0,0,0,1,0,0,0,0,0,1
0.3269230769230769,1,0.6666666666666666,0.0,0.5,0.13810938703642567,0.53125,1,0,1,0,0,0,0,0,0,1,0,0
0.40384615384615385,1,1.0,0.0,0.5,0.2226807527236712,0.40625,0,0,0,0,0,1,0,0,0,0,1,0
0.6346153846153847,1,0.6666666666666666,0.6666666666666666,0.0,0.037746230879278087,0.15625,1,0,0,0,1,0,0,0,0,0,1,0
0.15384615384615385,1,0.3333333333333333,0.0,0.0,0.05051172003961703,0.25,1,0,1,0,0,0,0,0,0,0,1,0
0.13461538461538464,1,0.6666666666666666,0.0,0.0,0.2678001540662485,0.59375,1,1,0,0,0,0,0,0,0,0,1,0
0.038461538461538464,1,0.6666666666666666,0.0,0.0,0.035875426433366345,0.25,0,0,0,0,1,0,0,0,0,0,0,1
0.3653846153846154,1,0.3333333333333333,0.0,0.0,0.06850445691647408,0.25,1,0,1,0,0,0,0,0,0,0,1,0
0.3653846153846154,1,1.0,0.0,0.0,0.5707604269836029,0.65625,1,0,1,0,0,0,0,0,0,1,0,0
0.46153846153846156,1,0.6666666666666666,0.0,0.0,0.09271486739297898,0.25,1,0,0,0,0,1,0,0,0,0,1,0
0.13461538461538464,1,0.6666666666666666,0.0,0.5,0.06459777704412897,0.25,1,0,0,1,0,0,0,0,0,0,1,0
0.038461538461538464,1,0.3333333333333333,0.0,0.0,0.3476394849785408,0.53125,1,1,0,0,0,0,0,0,0,0,1,0
0.6923076923076923,1,0.6666666666666666,1.0,0.0,0.06399251678221635,0.25,1,0,1,0,0,0,0,0,0,0,1,0
0.2692307692307693,1,0.6666666666666666,0.0,0.0,0.15538681633102236,0.15625,1,0,0,0,0,0,1,0,0,0,1,0
0.5,0,0.3333333333333333,0.0,0.0,0.19725982172334106,0.71875,1,0,0,0,0,0,1,0,0,0,1,0
0.5961538461538461,1,0.6666666666666666,0.0,0.0,0.27748431825685044,0.59375,0,1,0,0,0,0,0,0,0,0,1,0
0.9038461538461539,1,1.0,0.0,1.0,0.09122922856828436,0.65625,0,1,0,0,0,0,0,0,0,0,1,0
0.6153846153846154,1,0.6666666666666666,0.0,0.0,0.1701331572576208,0.71875,1,0,0,0,0,0,1,0,0,0,1,0
0.38461538461538464,0,0.3333333333333333,0.0,0.5,0.037526136238582586,0.0625,1,0,0,0,1,0,0,0,0,0,1,0
0.23076923076923078,1,0.6666666666666666,0.0,0.0,0.1570375261362386,0.40625,1,1,0,0,0,0,0,0,0,0,1,0
0.07692307692307693,1,0.6666666666666666,0.0,1.0,0.2015516672169033,0.71875,1,0,0,0,0,0,1,0,0,0,1,0
0.09615384615384616,1,0.3333333333333333,0.0,0.0,0.15247056234180698,0.53125,1,0,0,0,0,1,0,0,0,0,0,1
0.8653846153846154,0,0.6666666666666666,0.0,0.0,0.06129635743369649,0.1875,1,0,1,0,0,0,0,0,0,0,1,0
0.13461538461538464,1,0.3333333333333333,0.0,0.5,0.020633872565203038,0.25,1,0,0,0,0,0,1,0,0,0,1,0
0.07692307692307693,0,0.6666666666666666,0.0,0.0,0.05227247716518102,0.25,1,0,0,0,1,0,0,0,0,0,0,1
0.21153846153846156,1,0.6666666666666666,0.0,0.0,0.025145812699460767,0.25,1,0,0,0,0,0,1,0,0,0,1,0
0.25,1,0.6666666666666666,0.0,0.0,0.15010454495433037,0.53125,1,1,0,0,0,0,0,0,0,0,1,0
0.21153846153846156,1,0.6666666666666666,0.0,0.0,0.2424892703862661,0.34375,1,0,1,0,0,0,0,0,0,0,1,0
0.15384615384615385,1,0.6666666666666666,0.0,0.0,0.13002090899086607,0.71875,1,0,0,0,0,0,0,1,0,0,1,0
0.15384615384615385,1,0.6666666666666666,1.0,0.5,0.5893584241223726,0.90625,0,0,0,0,0,0,1,0,0,0,1,0
0.6538461538461539,1,1.0,0.0,0.0,0.41900517222405637,0.25,0,0,0,0,0,1,0,0,0,1,0,0
0.057692307692307696,1,0.6666666666666666,0.0,0.0,0.0675690546935182,0.15625,0,0,0,0,0,0,1,0,0,0,1,0
0.057692307692307696,1,0.6666666666666666,0.0,0.0,0.15951359084406297,0.53125,1,0,0,0,0,1,0,0,0,1,0,0
0.13461538461538464,1,0.6666666666666666,0.0,1.0,0.21789369428854408,0.71875,0,0,0,0,0,0,1,0,0,0,1,0
0.6153846153846154,1,0.3333333333333333,0.6666666666666666,0.0,0.12418840101243535,0.15625,1,0,1,0,0,0,0,0,0,1,0,0
0.3076923076923077,1,0.6666666666666666,0.3333333333333333,0.0,0.10404974138879718,0.25,1,0,0,0,0,0,1,0,0,0,1,0
0.11538461538461539,1,0.3333333333333333,0.0,0.5,0.03389457466710685,0.40625,1,0,0,0,0,0,1,0,0,0,1,0
0.44230769230769235,1,0.3333333333333333,0.0,0.0,0.07120061626499395,0.0,1,0,0,0,0,0,1,0,0,0,1,0
0.21153846153846156,1,1.0,0.0,0.0,0.086552217453505,0.53125,0,0,0,0,0,0,1,0,0,0,1,0
0.07692307692307693,1,0.0,0.0,0.5,0.7871134587872785,0.0625,0,0,1,0,0,0,0,0,0,0,1,0
0.8076923076923077,1,0.3333333333333333,0.3333333333333333,0.5,0.1384945526576428,0.46875,0,1,0,0,0,0,0,0,0,0,0,1
0.3076923076923077,0,0.6666666666666666,0.0,0.0,0.05727963024100363,0.25,1,0,0,0,0,0,1,0,0,0,1,0
0.38461538461538464,1,0.6666666666666666,0.0,0.0,0.1250137559150435,0.65625,1,0,0,0,0,0,1,0,0,0,1,0
0.19230769230769232,0,0.6666666666666666,0.0,0.0,0.03659073401562672,0.53125,0,0,1,0,0,0,0,0,0,0,1,0
0.6153846153846154,1,0.6666666666666666,0.0,0.0,0.07400682293386156,0.0625,1,0,0,0,0,0,1,0,0,0,1,0
0.09615384615384616,1,0.6666666666666666,0.0,0.0,0.2396280400572246,0.90625,0,0,1,0,0,0,0,0,0,1,0,0
0.15384615384615385,0,0.6666666666666666,0.0,0.0,0.051447122262572906,0.25,1,1,0,0,0,0,0,0,0,0,1,0
0.3076923076923077,0,0.3333333333333333,0.6666666666666666,0.0,0.17591064157587763,0.25,1,0,0,0,1,0,0,0,0,0,1,0
0.11538461538461539,1,0.6666666666666666,0.0,0.0,0.055463849455265765,0.53125,1,1,0,0,0,0,0,0,0,0,1,0
0.6346153846153847,1,0.6666666666666666,0.0,0.0,0.02569604930119952,0.25,1,0,0,0,0,0,1,0,0,0,1,0
0.3076923076923077,1,0.6666666666666666,0.3333333333333333,0.0,0.05249257180587652,0.0625,1,0,1,0,0,0,0,0,0,0,0,1
0.13461538461538464,1,0.6666666666666666,0.0,1.0,0.09216463079124024,0.53125,1,0,0,0,0,1,0,0,0,0,1,0
0.057692307692307696,0,0.6666666666666666,0.0,0.0,0.010069329811819083,0.40625,0,0,0,0,0,0,1,0,0,0,0,1
0.38461538461538464,0,0.3333333333333333,1.0,0.0,0.022889842632331906,0.0625,1,0,1,0,0,0,0,0,0,0,1,0
0.5192307692307693,0,0.3333333333333333,0.0,1.0,0.1101023440079234,0.25,1,0,0,0,0,1,0,0,0,0,1,0
0.09615384615384616,0,0.6666666666666666,0.0,0.5,0.10454495433036205,0.65625,0,0,1,0,0,0,0,0,0,0,1,0
0.3076923076923077,1,0.6666666666666666,0.3333333333333333,0.0,0.21464729833828547,0.53125,1,0,0,0,0,1,0,0,0,0,1,0
0.09615384615384616,1,0.6666666666666666,0.0,0.5,0.09794211510949709,0.15625,1,0,0,0,0,1,0,0,0,0,1,0
0.15384615384615385,1,0.3333333333333333,0.0,0.5,0.39440959612633436,0.96875,1,0,0,0,0,0,1,0,0,0,1,0
0.3076923076923077,1,0.3333333333333333,0.0,0.0,0.13392758886321118,0.53125,1,0,0,0,0,0,1,0,0,0,1,0
0.19230769230769232,1,0.6666666666666666,0.0,0.0,0.10448993067018818,0.25,0,0,0,0,0,0,1,0,0,1,0,0
0.07692307692307693,0,0.6666666666666666,0.3333333333333333,0.0,0.19599427753934193,0.34375,1,0,1,0,0,0,0,0,0,0,1,0
0.7307692307692308,0,0.3333333333333333,0.3333333333333333,0.0,0.04974138879718279,0.21875,1,0,0,0,0,0,1,0,0,0,1,0
0.15384615384615385,1,0.6666666666666666,0.0,0.0,0.07741828986464179,0.25,1,0,0,0,0,1,0,0,0,0,1,0
0.6923076923076923,0,0.6666666666666666,0.0,0.0,0.07444701221525256,0.53125,1,0,0,0,0,0,1,0,0,0,1,0
0.3269230769230769,1,1.0,0.0,0.0,0.27797953119841534,0.40625,1,0,1,0,0,0,0,0,0,1,0,0
0.7307692307692308,0,0.3333333333333333,0.0,0.0,0.13744910311433917,0.25,1,0,0,0,1,0,0,0,0,1,0,0
0.25,1,0.3333333333333333,0.0,0.0,0.05397821063057115,0.1875,1,0,1,0,0,0,0,0,0,0,1,0
0.34615384615384615,1,0.6666666666666666,0.0,0.5,0.030373060415978873,0.34375,0,0,0,0,0,0,1,0,0,0,1,0
0.3269230769230769,1,0.6666666666666666,0.0,0.0,0.33311323869263787,0.71875,1,1,0,0,0,0,0,0,0,0,1,0
0.3653846153846154,0,0.6666666666666666,0.0,0.0,0.07059535600308132,0.53125,1,0,0,0,0,0,1,0,0,0,1,0
0.5,1,1.0,0.0,0.0,0.48024650599757895,0.3125,0,0,1,0,0,0,0,0,0,0,1,0
0.11538461538461539,1,0.6666666666666666,0.0,0.0,0.041212721470232194,0.53125,1,0,0,0,0,0,1,0,0,0,1,0
0.25,1,0.6666666666666666,0.0,0.0,0.13271706833938596,0.40625,1,0,1,0,0,0,0,0,0,0,1,0
0.34615384615384615,0,0.6666666666666666,0.6666666666666666,0.0,0.06338725652030373,0.25,1,0,0,0,0,1,0,0,0,0,0,1
0.3269230769230769,1,1.0,0.0,0.5,0.6558270056124132,0.90625,1,0,1,0,0,0,0,0,0,1,0,0
0.17307692307692307,1,0.6666666666666666,0.0,0.5,0.1546164850885881,0.90625,0,0,0,0,0,0,1,0,0,0,1,0
0.2884615384615385,1,0.3333333333333333,0.0,0.0,0.6464179597226807,0.65625,0,0,0,0,0,0,0,1,0,0,1,0
0.25,1,0.6666666666666666,0.0,0.0,0.13464289644547156,0.15625,1,0,0,0,0,0,1,0,0,0,1,0
0.13461538461538464,0,0.6666666666666666,0.0,0.0,0.11852096401452623,0.40625,1,0,0,0,0,0,1,0,0,0,1,0
0.576923076923077,1,0.3333333333333333,0.0,0.0,0.055683944095961266,0.25,1,0,0,0,0,1,0,0,0,0,1,0
0.25,0,0.6666666666666666,0.0,0.0,0.23995818201826785,0.0625,0,0,0,0,0,1,0,0,0,0,1,0
0.19230769230769232,1,1.0,0.3333333333333333,0.0,0.09084406294706723,0.53125,1,0,0,0,0,0,1,0,0,0,0,1
0.07692307692307693,1,0.6666666666666666,1.0,0.0,0.17156377242214152,0.34375,1,0,1,0,0,0,0,0,0,0,0,1
0.5961538461538461,1,0.6666666666666666,0.0,0.0,0.07285132607021019,0.25,1,0,0,0,0,1,0,0,0,0,1,0
0.576923076923077,1,0.3333333333333333,0.0,1.0,0.06575327390778034,0.40625,1,0,0,0,0,0,1,0,0,0,1,0
0.8461538461538463,1,0.6666666666666666,0.0,0.0,0.06988004842082095,0.34375,1,0,0,0,0,1,0,0,0,0,1,0
0.34615384615384615,1,0.6666666666666666,0.3333333333333333,0.5,0.19962583911081766,0.53125,1,0,1,0,0,0,0,0,0,0,1,0
0.3076923076923077,0,0.3333333333333333,0.0,0.0,0.5762077693408165,0.875,1,0,1,0,0,0,0,0,0,0,1,0
0.13461538461538464,1,0.6666666666666666,0.0,0.0,0.24969736986904373,0.90625,1,0,1,0,0,0,0,0,0,0,1,0
0.23076923076923078,1,1.0,0.3333333333333333,0.5,0.4034334763948498,0.90625,1,0,0,0,0,0,0,0,1,1,0,0
0.576923076923077,0,0.6666666666666666,0.0,0.5,0.04632992186640256,0.25,1,0,0,0,0,0,1,0,0,0,1,0
0.5576923076923077,1,0.6666666666666666,0.0,0.0,0.04258831297457907,0.53125,0,0,0,0,0,0,1,0,0,0,1,0
0.13461538461538464,1,0.6666666666666666,0.0,0.0,0.045449543303620554,0.25,1,1,0,0,0,0,0,0,0,0,1,0
0.17307692307692307,1,1.0,0.0,0.5,0.5033564432706064,0.71875,0,0,1,0,0,0,0,0,0,0,0,1
0.4807692307692308,0,1.0,0.0,0.0,0.33944095961263343,0.53125,1,0,1,0,0,0,0,0,0,1,0,0
0.7115384615384616,1,0.6666666666666666,0.0,1.0,0.2501375591504347,0.8125,1,0,1,0,0,0,0,0,0,1,0,0
0.5192307692307693,1,1.0,0.0,0.0,0.40601958842302194,0.90625,1,1,0,0,0,0,0,0,0,0,1,0
0.13461538461538464,0,0.6666666666666666,0.0,0.5,0.5342797402883239,0.90625,0,0,0,0,0,1,0,0,0,0,1,0
0.019230769230769232,0,0.6666666666666666,0.0,0.0,0.24347969626939586,0.25,1,0,1,0,0,0,0,0,0,0,0,1
0.5,1,0.3333333333333333,0.0,0.0,0.05705953560030813,0.1875,1,0,1,0,0,0,0,0,0,0,1,0
0.46153846153846156,1,0.6666666666666666,0.0,0.0,0.12462859029382635,0.40625,1,0,0,0,0,1,0,0,0,0,1,0
0.25,1,0.6666666666666666,1.0,0.5,0.13728403213381754,0.46875,1,0,0,0,0,1,0,0,0,0,1,0
0.6730769230769231,0,0.0,0.0,0.0,0.02321998459337515,0.0625,1,0,1,0,0,0,0,0,0,0,1,0
0.44230769230769235,0,0.6666666666666666,0.0,0.5,0.19555408825795093,0.71875,0,0,0,0,0,0,1,0,0,0,1,0
0.34615384615384615,1,0.3333333333333333,0.0,1.0,0.06019588423021899,0.53125,0,0,1,0,0,0,0,0,0,0,1,0
0.576923076923077,1,0.6666666666666666,0.0,0.0,0.04335864421701331,0.1875,1,0,1,0,0,0,0,0,0,0,1,0
0.4807692307692308,1,0.6666666666666666,0.6666666666666666,0.0,0.543468691537361,0.90625,0,0,1,0,0,0,0,0,0,1,0,0
0.2692307692307693,1,0.6666666666666666,1.0,0.0,0.07114559260482008,0.0625,1,0,0,0,0,1,0,0,0,0,1,0
0.09615384615384616,0,0.3333333333333333,0.0,0.0,0.25096291405304283,0.65625,1,0,1,0,0,0,0,0,0,0,0,1
0.2692307692307693,1,0.3333333333333333,0.3333333333333333,0.0,0.026246285902938263,0.25,0,0,0,0,0,0,1,0,0,0,1,0
0.09615384615384616,0,0.6666666666666666,0.0,0.5,0.05430835259161439,0.125,0,0,0,0,0,1,0,0,0,0,1,0
0.057692307692307696,1,0.3333333333333333,0.0,0.5,0.001430615164520744,0.15625,1,0,1,0,0,0,0,0,0,0,0,1
0.40384615384615385,1,0.0,0.0,0.5,0.28232640035215145,0.90625,1,0,0,0,0,0,0,0,1,1,0,0
0.11538461538461539,1,0.6666666666666666,0.3333333333333333,0.0,0.28947947617475517,0.53125,1,0,0,0,0,1,0,0,0,0,1,0
0.13461538461538464,0,0.6666666666666666,0.0,1.0,0.19252778694838782,0.53125,1,0,0,0,0,1,0,0,0,0,1,0
0.11538461538461539,1,0.3333333333333333,0.0,0.5,0.023935292175635527,0.25,0,0,1,0,0,0,0,0,0,0,1,0
0.19230769230769232,1,0.3333333333333333,0.0,1.0,0.06844943325630021,0.0,1,0,1,0,0,0,0,0,0,0,1,0
0.23076923076923078,1,0.6666666666666666,0.0,0.0,0.13733905579399142,0.71875,0,0,0,0,0,1,0,0,0,0,1,0
0.3653846153846154,1,0.3333333333333333,0.0,0.0,0.025200836359634642,0.25,1,0,0,0,0,1,0,0,0,0,1,0
0.5576923076923077,0,0.3333333333333333,0.0,0.5,0.22565203037306042,0.53125,1,0,0,0,0,1,0,0,0,0,1,0
0.25,1,0.6666666666666666,0.0,0.0,0.024815670738417523,0.25,1,0,0,0,1,0,0,0,0,0,1,0
0.15384615384615385,0,0.3333333333333333,0.0,0.0,0.1866952789699571,0.34375,1,0,0,0,0,1,0,0,0,0,1,0
0.17307692307692307,1,1.0,0.0,0.5,0.2200396170353252,0.65625,0,0,1,0,0,0,0,0,0,0,1,0
0.25,1,0.6666666666666666,0.0,0.0,0.0928799383735006,0.53125,0,0,0,0,0,0,1,0,0,0,1,0
0.2884615384615385,1,1.0,0.0,0.0,0.1463629360625069,0.53125,1,0,1,0,0,0,0,0,0,1,0,0
0.17307692307692307,1,0.6666666666666666,1.0,0.0,0.13255199735886433,0.40625,1,0,0,0,0,1,0,0,0,0,1,0
0.3269230769230769,0,0.6666666666666666,0.0,0.0,0.042808407615274574,0.40625,1,0,1,0,0,0,0,0,0,0,1,0
0.38461538461538464,1,0.3333333333333333,0.0,0.0,0.17321448222735777,0.125,1,0,1,0,0,0,0,0,0,0,1,0
0.576923076923077,1,0.6666666666666666,0.0,0.0,0.30543633762517886,0.25,1,0,0,0,0,1,0,0,0,0,0,1
0.2884615384615385,0,0.6666666666666666,1.0,0.0,0.07015516672169032,0.53125,1,0,1,0,0,0,0,0,0,0,1,0
0.23076923076923078,1,0.6666666666666666,0.0,1.0,0.23236491691427316,0.71875,1,0,0,0,0,0,1,0,0,0,1,0
0.17307692307692307,1,0.6666666666666666,0.0,0.5,0.04500935402222955,0.0625,1,0,0,0,0,0,1,0,0,0,1,0
1.0,1,1.0,0.0,0.0,0.3502255970067129,0.53125,1,0,1,0,0,0,0,0,0,1,0,0
0.21153846153846156,0,0.6666666666666666,0.3333333333333333,0.0,0.08880818752063387,0.40625,0,0,0,0,1,0,0,0,0,0,1,0
0.09615384615384616,0,1.0,0.3333333333333333,0.5,0.3938593595245956,0.96875,0,0,1,0,0,0,0,0,0,0,1,0
0.09615384615384616,0,0.3333333333333333,0.3333333333333333,0.0,0.6239683063717398,0.90625,0,0,1,0,0,0,0,0,0,0,0,1
0.07692307692307693,1,0.6666666666666666,0.0,0.0,0.21239132827115662,0.53125,0,0,0,0,0,1,0,0,0,0,0,1
0.4807692307692308,1,1.0,0.0,0.0,0.17244415098492352,0.0625,0,0,0,0,0,1,0,0,0,0,0,1
0.07692307692307693,0,0.3333333333333333,0.0,0.5,0.10184879498184218,0.28125,1,0,0,0,0,0,1,0,0,0,1,0
0.09615384615384616,0,0.6666666666666666,0.0,0.0,0.05639925167822163,0.34375,0,0,0,1,0,0,0,0,0,0,0,1
0.17307692307692307,1,0.6666666666666666,0.0,0.0,0.21563772422141522,0.53125,1,0,0,0,0,1,0,0,0,0,1,0
0.23076923076923078,1,0.3333333333333333,0.0,0.5,0.06993507208099482,0.1875,1,0,0,0,0,1,0,0,0,0,1,0
0.09615384615384616,0,0.6666666666666666,0.0,0.5,0.3022449653350941,0.53125,1,0,0,0,1,0,0,0,0,1,0,0
0.13461538461538464,0,0.3333333333333333,0.0,0.0,0.1842742379223066,0.46875,1,0,0,0,0,1,0,0,0,0,0,1
0.11538461538461539,1,0.6666666666666666,0.6666666666666666,0.5,0.16303510509519095,0.40625,1,0,0,0,0,0,1,0,0,0,0,1
0.2692307692307693,1,1.0,0.0,0.5,0.2304941124683614,0.40625,1,1,0,0,0,0,0,0,0,0,1,0
0.34615384615384615,1,0.3333333333333333,0.0,1.0,0.20353251898316277,0.1875,1,0,1,0,0,0,0,0,0,0,1,0
0.46153846153846156,0,0.3333333333333333,0.0,0.0,0.06652360515021459,0.34375,1,0,0,0,0,0,1,0,0,0,1,0
0.07692307692307693,1,0.6666666666666666,0.0,0.5,0.034774953229888855,0.28125,1,0,0,0,0,0,1,0,0,0,1,0
0.07692307692307693,0,0.0,0.6666666666666666,0.5,0.1930229998899527,0.53125,1,0,0,0,0,0,1,0,0,0,0,1
0.2884615384615385,1,0.3333333333333333,0.3333333333333333,0.0,0.08215032463959503,0.0625,1,1,0,0,0,0,0,0,0,0,1,0
0.25,1,0.6666666666666666,1.0,0.5,0.048750962914053037,0.15625,0,0,0,0,1,0,0,0,0,1,0,0
0.07692307692307693,0,0.6666666666666666,0.0,0.0,0.05425332893144051,0.15625,1,0,0,1,0,0,0,0,0,0,0,1
0.19230769230769232,0,0.6666666666666666,0.0,0.5,0.039011775063277215,0.15625,0,0,0,0,0,1,0,0,0,0,1,0
0.3653846153846154,1,1.0,0.0,0.0,0.16391548365797293,0.40625,1,0,1,0,0,0,0,0,0,0,1,0
0.17307692307692307,1,0.6666666666666666,0.0,0.0,0.327335754374381,0.25,0,0,0,0,0,0,1,0,0,0,0,1
0.5192307692307693,1,0.6666666666666666,0.6666666666666666,0.0,0.026246285902938263,0.1875,1,0,0,0,1,0,0,0,0,1,0,0
0.07692307692307693,1,0.3333333333333333,0.0,0.5,0.05480356553317926,0.53125,0,0,1,0,0,0,0,0,0,0,1,0
0.576923076923077,1,0.6666666666666666,0.0,0.0,0.11450423682183337,0.25,1,0,0,0,0,0,1,0,0,0,1,0
0.13461538461538464,1,1.0,0.0,0.0,0.2318146803125344,0.71875,0,0,0,0,0,0,1,0,0,0,1,0
0.17307692307692307,1,0.6666666666666666,0.0,0.0,0.028942445251458126,0.25,1,0,0,0,0,0,1,0,0,0,1,0
0.07692307692307693,0,0.6666666666666666,0.0,0.0,0.11863101133487398,0.65625,0,0,0,0,0,1,0,0,0,0,0,1
0.8076923076923077,1,0.6666666666666666,0.0,0.5,0.05441839991196214,0.40625,1,0,0,0,1,0,0,0,0,1,0,0
0.34615384615384615,1,1.0,0.0,1.0,0.17326950588753165,0.25,1,0,0,0,0,0,1,0,0,0,1,0
0.3269230769230769,0,0.6666666666666666,0.0,1.0,0.1098822493672279,0.25,1,0,1,0,0,0,0,0,0,0,1,0
0.038461538461538464,1,0.6666666666666666,0.0,0.0,0.08341586882359414,0.0625,1,0,0,0,0,1,0,0,0,0,0,1
0.11538461538461539,1,0.0,0.0,0.0,0.12231759656652359,0.40625,0,0,0,0,0,1,0,0,0,0,1,0
0.3269230769230769,1,0.6666666666666666,0.0,0.0,0.0710905689446462,0.25,1,1,0,0,0,0,0,0,0,0,1,0
0.15384615384615385,1,0.6666666666666666,0.0,0.0,0.19808517662594918,0.40625,1,0,1,0,0,0,0,0,0,0,1,0
0.057692307692307696,0,0.6666666666666666,0.0,0.0,0.1870804445911742,0.40625,1,0,0,0,0,1,0,0,0,0,0,1
0.44230769230769235,1,0.6666666666666666,0.0,0.0,0.17585561791570375,0.71875,0,0,0,0,0,1,0,0,0,0,1,0
0.40384615384615385,0,0.6666666666666666,0.0,0.5,0.1513700891383295,0.40625,1,0,0,0,0,1,0,0,0,0,0,1
0.3269230769230769,1,0.6666666666666666,0.0,0.0,0.15566193463189174,0.71875,1,0,1,0,0,0,0,0,0,0,1,0
0.2692307692307693,1,0.6666666666666666,0.0,0.0,0.32023770221195114,0.40625,1,0,0,0,0,0,1,0,0,0,1,0
0.07692307692307693,0,0.6666666666666666,0.0,0.0,0.10432485968966655,0.1875,1,0,0,0,0,1,0,0,0,0,0,1
0.8461538461538463,1,1.0,0.0,0.0,0.7431495543083525,0.96875,1,0,1,0,0,0,0,0,0,1,0,0
0.7884615384615385,0,1.0,0.3333333333333333,0.5,0.799603829646748,0.96875,0,0,0,0,0,0,0,0,1,1,0,0
0.34615384615384615,0,0.6666666666666666,0.0,0.0,0.4091009133927589,0.90625,0,1,0,0,0,0,0,0,0,0,0,1
0.2884615384615385,1,0.6666666666666666,0.0,0.0,0.11389897655992078,0.40625,1,0,0,0,0,0,1,0,0,0,1,0
0.3269230769230769,1,0.6666666666666666,0.0,0.0,0.03279410146362936,0.09375,1,0,0,0,0,0,1,0,0,1,0,0
0.7307692307692308,1,1.0,0.0,0.5,0.7740728513260702,0.71875,0,0,1,0,0,0,0,0,0,1,0,0
0.6346153846153847,0,0.3333333333333333,0.3333333333333333,0.0,0.0061626499394739735,0.0625,1,0,1,0,0,0,0,0,0,0,1,0
0.38461538461538464,1,0.6666666666666666,0.0,0.0,0.10795642126114229,0.4375,1,0,0,0,0,1,0,0,0,0,1,0
0.3653846153846154,0,1.0,0.0,0.5,0.7002310993727302,0.40625,0,0,1,0,0,0,0,0,0,1,0,0
0.11538461538461539,0,0.6666666666666666,0.0,0.0,0.05683944095961263,0.5,1,0,1,0,0,0,0,0,0,0,0,1
0.13461538461538464,1,0.6666666666666666,0.0,1.0,0.05942555298778475,0.25,1,0,1,0,0,0,0,0,0,0,1,0
0.13461538461538464,1,0.3333333333333333,0.3333333333333333,0.0,0.2213051612193243,0.65625,1,1,0,0,0,0,0,0,0,0,1,0
0.11538461538461539,0,0.6666666666666666,0.0,0.0,0.10938703642566304,0.40625,1,0,0,0,0,0,1,0,0,0,1,0
0.038461538461538464,0,0.6666666666666666,0.0,0.0,0.0482007263123143,0.40625,1,0,0,0,0,0,1,0,0,0,0,1
0.40384615384615385,1,1.0,0.0,0.5,0.39198855507868385,0.40625,1,0,0,0,0,1,0,0,0,0,1,0
0.15384615384615385,1,0.6666666666666666,0.6666666666666666,0.5,0.114229118520964,0.34375,1,1,0,0,0,0,0,0,0,0,1,0
0.15384615384615385,0,0.6666666666666666,0.0,0.0,0.06597336854847584,0.15625,1,1,0,0,0,0,0,0,0,0,1,0
0.21153846153846156,1,1.0,0.0,0.0,0.08638714647298339,0.40625,1,0,1,0,0,0,0,0,0,0,1,0
0.0,0,0.3333333333333333,1.0,0.5,0.040332342907450205,0.25,1,0,0,0,0,1,0,0,0,0,0,1
0.38461538461538464,1,1.0,0.0,0.0,0.16501595686145043,0.71875,1,0,1,0,0,0,0,0,0,1,0,0
0.23076923076923078,0,0.6666666666666666,0.0,0.0,0.09392538791680423,0.0625,1,0,0,0,0,0,1,0,0,0,1,0
0.23076923076923078,1,1.0,0.0,0.0,0.11863101133487398,0.15625,1,0,0,0,0,1,0,0,0,0,1,0
0.25,1,0.6666666666666666,0.3333333333333333,0.5,0.6333223286012986,0.75,1,0,0,0,1,0,0,0,0,0,0,1
0.6923076923076923,0,1.0,0.0,0.0,0.12809508088478047,0.25,1,0,0,0,0,1,0,0,0,1,0,0
0.5192307692307693,1,0.6666666666666666,0.0,0.0,0.11543963904478925,0.71875,1,0,0,0,0,1,0,0,0,0,1,0
0.5192307692307693,1,0.6666666666666666,0.0,0.5,0.05353802134918015,0.25,0,0,1,0,0,0,0,0,0,0,0,1
0.46153846153846156,0,0.3333333333333333,1.0,0.0,0.06965995378012545,0.53125,1,0,0,0,0,0,1,0,0,0,1,0
0.38461538461538464,1,0.6666666666666666,0.0,0.0,0.06729393639264884,0.40625,1,0,0,0,0,0,1,0,0,0,1,0
0.17307692307692307,1,0.6666666666666666,0.0,0.5,0.090073731704633,0.40625,1,1,0,0,0,0,0,0,0,0,1,0
0.15384615384615385,1,0.6666666666666666,0.0,0.0,0.4620886981402003,0.53125,0,1,0,0,0,0,0,0,0,0,1,0
0.15384615384615385,1,0.3333333333333333,0.0,0.0,0.030373060415978873,0.3125,1,0,1,0,0,0,0,0,0,0,1,0
0.46153846153846156,1,0.6666666666666666,0.0,0.5,0.14575767580059426,0.40625,1,0,1,0,0,0,0,0,0,0,1,0
0.057692307692307696,1,0.6666666666666666,0.0,0.5,0.09843732805106195,0.53125,0,0,0,0,0,0,1,0,0,0,1,0
0.46153846153846156,1,0.6666666666666666,0.0,0.0,0.10713106635853417,0.53125,1,0,1,0,0,0,0,0,0,0,1,0
0.15384615384615385,1,0.6666666666666666,0.0,0.0,0.04418399911962144,0.34375,1,0,0,0,0,0,1,0,0,0,1,0
0.13461538461538464,1,1.0,0.6666666666666666,0.0,0.16424562561901618,0.53125,1,0,0,0,0,0,1,0,0,0,1,0
0.17307692307692307,1,0.6666666666666666,0.6666666666666666,1.0,0.03791130185979971,0.25,0,0,1,0,0,0,0,0,0,0,1,0
0.019230769230769232,0,0.6666666666666666,0.0,0.5,0.09447562451854297,0.53125,1,0,0,0,0,0,1,0,0,0,1,0
0.3076923076923077,1,1.0,0.0,0.0,0.385330692197645,0.6875,1,0,1,0,0,0,0,0,0,0,1,0
0.44230769230769235,1,1.0,0.0,0.0,0.11235831407505227,0.25,0,1,0,0,0,0,0,0,0,0,1,0
0.40384615384615385,1,0.3333333333333333,0.6666666666666666,0.0,0.07411687025420931,0.1875,1,0,1,0,0,0,0,0,0,0,0,1
0.3076923076923077,0,0.6666666666666666,0.0,0.0,0.062231759656652355,0.53125,0,0,1,0,0,0,0,0,0,0,1,0
0.3076923076923077,1,0.6666666666666666,0.0,0.0,0.3076923076923077,0.71875,1,0,1,0,0,0,0,0,0,0,1,0
0.2692307692307693,1,0.3333333333333333,0.0,0.0,0.12815010454495435,0.25,0,0,1,0,0,0,0,0,0,0,1,0
0.07692307692307693,0,0.6666666666666666,0.0,0.0,0.45234951028942444,0.40625,1,0,0,0,1,0,0,0,0,0,0,1
0.23076923076923078,0,1.0,0.6666666666666666,0.0,0.13931990756025092,0.46875,1,0,1,0,0,0,0,0,0,0,1,0
0.2692307692307693,0,0.6666666666666666,0.0,0.5,0.04357873885770881,0.40625,0,0,1,0,0,0,0,0,0,0,1,0
0.019230769230769232,0,0.6666666666666666,1.0,0.0,0.16154946627049632,0.34375,1,0,1,0,0,0,0,0,0,0,0,1
0.21153846153846156,1,0.6666666666666666,0.0,0.5,0.09783206778914934,0.25,1,0,1,0,0,0,0,0,0,0,1,0
0.5384615384615385,1,0.3333333333333333,0.0,0.5,0.03895675140310334,0.25,1,0,1,0,0,0,0,0,0,0,1,0
0.2884615384615385,1,1.0,0.3333333333333333,0.0,0.07378672829316606,0.46875,1,0,0,0,0,1,0,0,0,0,1,0
0.11538461538461539,0,0.6666666666666666,0.0,0.5,0.13821943435677342,0.25,0,0,0,0,0,1,0,0,0,0,1,0
0.038461538461538464,1,0.6666666666666666,0.0,0.5,0.1391548365797293,0.40625,1,0,1,0,0,0,0,0,0,0,0,1
0.19230769230769232,1,0.6666666666666666,0.0,0.0,0.1371739848134698,0.625,1,0,0,0,0,0,1,0,0,0,1,0
0.5192307692307693,1,0.6666666666666666,1.0,0.0,0.049466270496313414,0.40625,1,0,0,0,0,0,1,0,0,0,1,0
0.019230769230769232,1,0.6666666666666666,0.0,0.0,0.05849015076482887,0.15625,1,0,0,0,0,1,0,0,0,0,1,0
0.6923076923076923,0,0.0,0.0,0.0,0.05172224056344228,0.40625,0,0,0,0,0,0,0,1,0,1,0,0
0.9807692307692308,1,0.3333333333333333,0.0,0.0,0.1759656652360515,0.03125,1,1,0,0,0,0,0,0,0,0,1,0
0.19230769230769232,1,1.0,0.0,0.5,0.6095521074061846,0.53125,0,0,0,0,0,0,0,0,1,0,1,0
0.3269230769230769,1,1.0,0.0,0.0,0.08924837680202487,0.0625,1,0,0,0,0,1,0,0,0,1,0,0
0.2692307692307693,1,0.6666666666666666,0.0,0.0,0.09948277759436558,0.53125,1,0,0,0,0,0,0,1,0,0,1,0
0.11538461538461539,1,0.6666666666666666,0.0,0.0,0.1037746230879278,0.15625,1,0,0,0,0,1,0,0,0,0,1,0
0.11538461538461539,1,0.6666666666666666,0.0,0.5,0.06789919665456146,0.25,0,0,0,0,0,0,1,0,0,0,1,0
0.07692307692307693,1,0.3333333333333333,0.6666666666666666,0.0,0.022559700671288655,0.0625,1,0,0,0,0,0,0,1,0,0,0,1
0.34615384615384615,0,0.6666666666666666,1.0,0.0,0.05705953560030813,0.53125,1,0,1,0,0,0,0,0,0,0,1,0
0.8846153846153847,1,0.0,0.0,0.0,0.17299438758666227,0.8125,1,0,0,0,0,0,0,1,0,0,1,0
0.13461538461538464,0,0.0,0.0,1.0,0.019753494002421042,0.25,0,1,0,0,0,0,0,0,0,0,1,0
0.38461538461538464,1,1.0,0.0,0.0,0.08990866072411137,0.25,1,0,1,0,0,0,0,0,0,0,1,0
0.21153846153846156,0,0.6666666666666666,0.0,0.0,0.07538241443820842,0.25,1,0,0,0,0,1,0,0,0,0,1,0
0.19230769230769232,1,0.6666666666666666,0.0,0.5,0.13090128755364808,0.4375,1,0,0,0,0,0,0,0,1,0,1,0
0.42307692307692313,1,0.3333333333333333,0.0,0.0,0.02580609662154727,0.25,0,0,0,0,1,0,0,0,0,0,1,0
0.21153846153846156,0,1.0,0.0,0.5,0.2666446572025971,0.90625,0,0,0,0,0,1,0,0,0,0,1,0
0.42307692307692313,0,0.3333333333333333,0.0,0.0,0.05469351821283151,0.15625,1,0,0,0,1,0,0,0,0,0,0,1
0.2884615384615385,0,0.6666666666666666,0.0,0.0,0.08759766699680863,0.71875,0,0,1,0,0,0,0,0,0,0,1,0
0.3076923076923077,1,0.6666666666666666,0.0,0.5,0.12798503356443272,0.09375,1,0,0,0,0,0,1,0,0,0,1,0
0.6923076923076923,0,1.0,0.0,1.0,0.06459777704412897,0.25,1,0,0,0,0,1,0,0,0,0,1,0
0.8076923076923077,1,0.6666666666666666,1.0,0.5,0.06943985913942995,0.34375,0,0,0,0,0,0,0,1,0,0,1,0
0.21153846153846156,1,1.0,0.0,0.0,0.594475624518543,0.71875,1,0,1,0,0,0,0,0,0,0,1,0
0.19230769230769232,0,0.6666666666666666,0.0,0.0,0.014746340926598437,0.0625,1,0,0,0,0,0,1,0,0,0,1,0
0.2884615384615385,1,0.6666666666666666,0.0,0.0,0.1380543633762518,0.25,1,0,0,0,0,1,0,0,0,0,1,0
0.3076923076923077,1,1.0,0.0,0.0,0.13315725762077696,0.53125,1,0,1,0,0,0,0,0,0,0,1,0
0.23076923076923078,1,0.6666666666666666,0.0,0.0,0.2512930560140861,0.53125,0,0,1,0,0,0,0,0,0,0,1,0
0.19230769230769232,0,1.0,0.0,0.0,0.1336524705623418,0.53125,1,0,1,0,0,0,0,0,0,0,1,0
0.3269230769230769,1,0.6666666666666666,0.0,0.0,0.2011114779355123,0.21875,1,0,1,0,0,0,0,0,0,0,0,1
0.3076923076923077,1,0.6666666666666666,0.0,0.0,0.17255419830527127,0.25,0,0,1,0,0,0,0,0,0,1,0,0
0.15384615384615385,0,0.6666666666666666,0.0,0.0,0.005117200396170352,0.0625,1,0,0,1,0,0,0,0,0,0,1,0
0.25,1,0.6666666666666666,0.0,0.0,0.239022779795312,0.40625,1,0,0,0,0,0,1,0,0,0,1,0
0.34615384615384615,1,0.6666666666666666,0.0,0.0,0.18542973478595798,0.71875,1,0,0,0,0,1,0,0,0,0,1,0
0.3269230769230769,1,0.6666666666666666,0.0,0.0,0.08093980411576977,0.34375,1,0,1,0,0,0,0,0,0,0,1,0
0.2884615384615385,0,1.0,0.0,0.5,0.1522504677011115,0.25,1,0,0,0,0,1,0,0,0,0,0,1
0.3653846153846154,1,0.6666666666666666,0.0,0.5,0.027731924727632886,0.25,1,0,0,0,1,0,0,0,0,0,1,0
0.2884615384615385,1,0.6666666666666666,0.0,0.0,0.0935402222955871,0.40625,1,1,0,0,0,0,0,0,0,0,1,0
0.8461538461538463,1,0.6666666666666666,0.0,0.0,0.14713326730494114,0.53125,1,0,1,0,0,0,0,0,0,0,1,0
0.19230769230769232,0,0.3333333333333333,0.0,0.0,0.07752833718498954,0.53125,0,0,0,0,0,0,1,0,0,0,0,1
0.25,1,0.6666666666666666,0.0,0.0,0.3845053372950369,0.90625,1,0,0,0,0,0,1,0,0,0,1,0
0.13461538461538464,0,0.6666666666666666,0.0,0.0,0.13832948167712117,0.6875,1,1,0,0,0,0,0,0,0,0,1,0
0.3076923076923077,1,0.3333333333333333,0.0,0.0,0.24369979091009136,0.53125,1,0,1,0,0,0,0,0,0,0,1,0
0.057692307692307696,1,0.6666666666666666,0.3333333333333333,0.5,0.15637724221415208,0.53125,0,0,0,0,0,0,1,0,0,0,0,1
0.07692307692307693,0,0.6666666666666666,0.0,0.0,0.010894684714427203,0.0625,0,0,0,0,1,0,0,0,0,0,1,0
0.17307692307692307,1,0.3333333333333333,0.0,0.0,0.022229558710245404,0.15625,0,0,1,0,0,0,0,0,0,0,1,0
0.3269230769230769,1,1.0,0.0,0.0,0.05436337625178826,0.0625,1,0,0,0,1,0,0,0,0,0,1,0
0.2692307692307693,1,0.6666666666666666,0.0,0.5,0.05474854187300539,0.40625,0,0,0,0,0,0,1,0,0,0,1,0
0.13461538461538464,0,0.6666666666666666,0.0,0.0,0.15758776273797734,0.40625,0,0,0,0,0,1,0,0,0,0,0,1
0.09615384615384616,1,0.6666666666666666,0.6666666666666666,0.0,0.1275998679432156,0.75,1,0,1,0,0,0,0,0,0,0,1,0
0.11538461538461539,1,0.6666666666666666,0.0,1.0,0.2697259821723341,0.53125,1,0,0,0,0,0,1,0,0,0,1,0
0.38461538461538464,1,0.3333333333333333,0.3333333333333333,0.5,0.04330362055683944,0.25,1,1,0,0,0,0,0,0,0,0,1,0
0.4807692307692308,1,0.6666666666666666,0.0,0.0,0.0675690546935182,0.34375,1,0,0,0,0,1,0,0,0,0,1,0
0.07692307692307693,0,0.3333333333333333,0.0,0.5,0.18284362275778587,0.25,1,0,0,0,0,0,1,0,0,0,1,0
0.13461538461538464,1,0.6666666666666666,0.0,0.5,0.052327500825354895,0.53125,1,0,1,0,0,0,0,0,0,0,1,0
0.7307692307692308,0,0.6666666666666666,1.0,0.0,0.18553978210630573,0.65625,1,0,0,0,0,1,0,0,0,0,0,1
0.21153846153846156,0,0.6666666666666666,1.0,0.0,0.03906679872345109,0.34375,1,0,0,0,0,1,0,0,0,0,1,0
0.4807692307692308,1,0.6666666666666666,0.6666666666666666,0.0,0.05023660173874765,0.25,1,0,1,0,0,0,0,0,0,0,1,0
0.5384615384615385,1,1.0,0.0,0.5,0.052767690106745896,0.0625,0,0,1,0,0,0,0,0,0,0,1,0
0.6346153846153847,1,0.6666666666666666,0.0,0.0,0.15555188731154398,0.25,1,0,0,0,0,0,1,0,0,0,1,0
0.826923076923077,0,0.6666666666666666,0.0,0.0,0.19296797622977882,0.53125,1,0,1,0,0,0,0,0,0,1,0,0
0.3076923076923077,1,0.3333333333333333,0.3333333333333333,0.0,0.06426763508308572,0.1875,1,0,1,0,0,0,0,0,0,0,0,1
0.13461538461538464,1,0.6666666666666666,0.0,0.0,0.17981732144822274,0.0625,1,0,1,0,0,0,0,0,0,0,0,1
0.13461538461538464,1,0.6666666666666666,0.0,0.0,0.0926598437328051,0.25,1,0,0,0,0,0,1,0,0,0,1,0
0.44230769230769235,0,1.0,0.0,0.5,0.4439308902828216,0.59375,0,1,0,0,0,0,0,0,0,1,0,0
0.15384615384615385,0,0.6666666666666666,0.3333333333333333,0.0,0.05430835259161439,0.0625,1,0,0,0,0,0,1,0,0,0,1,0
0.3653846153846154,1,0.6666666666666666,0.0,0.5,0.0064927919005172245,0.0625,1,0,0,0,0,0,1,0,0,0,1,0
0.38461538461538464,1,0.3333333333333333,0.0,0.0,0.10300429184549356,0.25,1,0,1,0,0,0,0,0,0,0,0,1
0.019230769230769232,1,0.6666666666666666,0.0,0.0,0.15109497083746012,0.53125,0,0,0,0,0,1,0,0,0,0,1,0
0.19230769230769232,1,1.0,0.3333333333333333,0.5,0.48332783096731596,0.71875,0,0,0,0,0,1,0,0,0,0,0,1
0.40384615384615385,1,0.6666666666666666,0.0,0.0,0.0734565863321228,0.53125,1,0,0,0,0,1,0,0,0,0,1,0
0.25,1,0.3333333333333333,0.0,0.5,0.05782986684274238,0.40625,1,0,0,0,0,0,1,0,0,0,1,0
0.17307692307692307,1,0.6666666666666666,0.3333333333333333,1.0,0.05904038736656762,0.0625,1,0,1,0,0,0,0,0,0,0,1,0
0.15384615384615385,0,0.6666666666666666,0.0,0.0,0.15808297567954221,0.53125,0,0,1,0,0,0,0,0,0,0,1,0
0.44230769230769235,1,0.6666666666666666,0.0,0.0,0.2884890502916254,0.71875,1,0,1,0,0,0,0,0,0,1,0,0
0.576923076923077,1,0.6666666666666666,0.3333333333333333,1.0,0.0482007263123143,0.15625,1,0,0,0,0,0,1,0,0,0,1,0
0.3653846153846154,1,0.6666666666666666,0.3333333333333333,0.5,0.05315285572796302,0.53125,0,0,0,0,0,0,1,0,0,0,1,0
0.09615384615384616,0,0.6666666666666666,0.0,0.0,0.052657642786398146,0.53125,0,0,1,0,0,0,0,0,0,0,0,1
0.15384615384615385,1,0.3333333333333333,0.0,0.0,0.05827005612413337,0.1875,0,0,1,0,0,0,0,0,0,0,1,0
0.3269230769230769,1,0.6666666666666666,0.6666666666666666,1.0,0.11609992296687575,0.34375,1,0,1,0,0,0,0,0,0,0,1,0
0.2884615384615385,1,1.0,0.3333333333333333,0.5,0.3631561571475735,0.34375,0,0,1,0,0,0,0,0,0,0,1,0
0.17307692307692307,1,0.6666666666666666,0.0,0.0,0.06399251678221635,0.53125,1,0,0,0,0,0,1,0,0,0,1,0
0.5,1,1.0,0.3333333333333333,0.0,0.4587872785297678,0.75,1,0,1,0,0,0,0,0,0,0,1,0
0.13461538461538464,1,0.6666666666666666,0.0,0.0,0.028007043028502255,0.25,0,0,1,0,0,0,0,0,0,0,1,0
0.25,1,1.0,0.0,0.0,0.24408495653130846,0.71875,1,0,1,0,0,0,0,0,0,1,0,0
0.13461538461538464,1,0.6666666666666666,0.0,1.0,0.1340926598437328,0.34375,1,1,0,0,0,0,0,0,0,0,0,1
0.019230769230769232,1,0.6666666666666666,0.0,0.5,0.018432926158248045,0.25,1,0,0,0,0,0,1,0,0,0,0,1
0.6730769230769231,1,0.6666666666666666,0.0,0.0,0.1103224386486189,0.53125,1,0,1,0,0,0,0,0,0,0,1,0
0.34615384615384615,0,0.6666666666666666,0.0,0.0,0.019753494002421042,0.0625,1,0,1,0,0,0,0,0,0,0,1,0
0.40384615384615385,1,0.3333333333333333,0.0,0.0,0.061131286453174866,0.0625,1,0,1,0,0,0,0,0,0,0,1,0
0.07692307692307693,0,0.6666666666666666,0.0,0.0,0.37839771101573677,0.71875,0,0,0,0,0,1,0,0,0,0,0,1
0.46153846153846156,1,0.6666666666666666,0.3333333333333333,0.0,0.052437548145702645,0.0625,1,0,1,0,0,0,0,0,0,0,1,0
0.3269230769230769,1,0.6666666666666666,0.0,0.0,0.024760647078243648,0.0625,1,0,0,0,0,0,1,0,0,1,0,0
0.4807692307692308,1,0.6666666666666666,0.0,0.0,0.28925938153405967,0.53125,1,0,0,0,0,0,0,1,0,1,0,0
0.09615384615384616,0,0.6666666666666666,0.0,0.0,0.16176956091119182,0.40625,0,0,0,0,0,0,1,0,0,0,1,0
0.6538461538461539,1,0.6666666666666666,0.0,0.0,0.37795752173434577,0.90625,0,0,0,0,0,1,0,0,0,1,0,0
0.07692307692307693,0,0.6666666666666666,0.3333333333333333,0.0,0.1781666116430065,0.53125,1,0,1,0,0,0,0,0,0,0,1,0
0.13461538461538464,0,0.3333333333333333,0.0,0.5,0.04748541873005392,0.40625,1,0,0,0,0,0,1,0,0,0,1,0
0.21153846153846156,1,0.6666666666666666,0.0,0.5,0.42456256190161773,0.5625,1,0,1,0,0,0,0,0,0,0,1,0
0.23076923076923078,0,0.6666666666666666,0.3333333333333333,0.0,0.07054033234290745,0.34375,1,0,0,0,1,0,0,0,0,0,1,0
0.44230769230769235,1,0.3333333333333333,0.0,0.0,0.06894464619786508,0.0,1,0,0,0,0,0,1,0,0,0,1,0
0.23076923076923078,1,0.6666666666666666,0.0,0.0,0.11290855067679102,0.71875,0,0,0,0,0,0,1,0,0,0,0,1
0.42307692307692313,1,0.3333333333333333,0.0,0.0,0.022669747991636405,0.0625,1,0,1,0,0,0,0,0,0,0,1,0
0.25,1,0.6666666666666666,0.0,0.5,0.11131286453174864,0.71875,1,0,0,0,1,0,0,0,0,0,1,0
0.17307692307692307,0,0.6666666666666666,0.3333333333333333,0.5,0.13101133487399583,0.34375,0,0,1,0,0,0,0,0,0,0,0,1
0.42307692307692313,1,0.6666666666666666,0.0,0.0,0.06894464619786508,0.25,1,0,1,0,0,0,0,0,0,0,0,1
0.13461538461538464,1,0.6666666666666666,0.3333333333333333,0.0,0.05838010344448112,0.53125,1,0,0,0,0,0,1,0,0,0,1,0
0.11538461538461539,1,0.6666666666666666,0.0,0.0,0.15709254979641246,0.53125,1,0,0,0,0,0,1,0,0,0,1,0
0.2692307692307693,1,0.6666666666666666,0.0,1.0,0.1138439528997469,0.46875,0,0,0,0,1,0,0,0,0,0,0,1
1.0,0,1.0,0.0,0.0,0.06184659403543523,0.0625,1,0,1,0,0,0,0,0,0,0,1,0
0.34615384615384615,0,0.6666666666666666,0.0,0.5,0.18498954550456698,0.40625,1,0,0,0,0,1,0,0,0,0,1,0
0.44230769230769235,1,1.0,0.0,0.0,0.41339275888632115,0.90625,0,0,1,0,0,0,0,0,0,1,0,0
0.5,0,0.3333333333333333,0.0,1.0,0.15401122482667548,0.40625,1,0,0,0,0,1,0,0,0,0,1,0
0.07692307692307693,1,0.6666666666666666,0.0,0.5,0.0706503796632552,0.25,0,0,0,0,0,0,1,0,0,0,0,1
0.7884615384615385,1,0.6666666666666666,0.0,0.0,0.09805216242984482,0.53125,1,0,1,0,0,0,0,0,0,1,0,0
0.23076923076923078,1,0.6666666666666666,0.0,0.0,0.33564432706063607,0.65625,0,0,0,0,0,1,0,0,0,0,1,0
0.2884615384615385,1,0.3333333333333333,0.0,1.0,0.14383184769450866,0.40625,0,0,0,0,0,1,0,0,0,0,1,0
0.8076923076923077,1,0.3333333333333333,0.0,0.0,0.05529877847474414,0.25,1,0,1,0,0,0,0,0,0,0,1,0
0.46153846153846156,1,0.6666666666666666,0.0,0.0,0.059590623968306375,0.53125,0,0,1,0,0,0,0,0,0,1,0,0
0.34615384615384615,0,0.6666666666666666,0.0,0.0,0.09750192582810609,0.53125,1,0,1,0,0,0,0,0,0,0,1,0
0.25,1,0.6666666666666666,0.0,0.0,0.07164080554638494,0.53125,1,0,0,0,0,0,1,0,0,0,1,0
0.09615384615384616,0,0.3333333333333333,0.0,0.0,0.020688896225376913,0.25,0,0,0,0,0,0,1,0,0,0,1,0
0.3076923076923077,1,0.6666666666666666,0.0,0.0,0.473643666776714,0.90625,1,0,1,0,0,0,0,0,0,1,0,0
0.07692307692307693,0,0.6666666666666666,0.0,0.0,0.04104765048971058,0.25,1,0,0,0,0,0,0,1,0,0,1,0
0.5,1,0.3333333333333333,0.6666666666666666,0.0,0.08253549026081215,0.0625,1,0,0,0,0,0,1,0,0,0,1,0
0.2884615384615385,1,0.6666666666666666,0.0,0.0,0.3713546825134808,0.90625,0,0,0,0,0,0,1,0,0,0,1,0
0.15384615384615385,1,0.6666666666666666,0.3333333333333333,0.5,0.09601628700341147,0.25,1,0,1,0,0,0,0,0,0,0,1,0
0.9230769230769231,0,1.0,0.0,0.5,0.052217453505007144,0.15625,1,0,0,0,1,0,0,0,0,0,1,0
0.057692307692307696,1,0.6666666666666666,0.0,0.5,0.059480576647958625,0.25,0,0,0,0,0,0,1,0,0,0,1,0
0.17307692307692307,0,0.6666666666666666,0.3333333333333333,0.5,0.11158798283261802,0.40625,0,0,1,0,0,0,0,0,0,0,1,0
0.19230769230769232,0,0.6666666666666666,0.0,0.0,0.26152745680642675,0.46875,0,0,1,0,0,0,0,0,0,0,1,0
0.15384615384615385,1,0.6666666666666666,0.0,0.0,0.1816881258941345,0.53125,0,0,0,0,0,1,0,0,0,0,1,0
0.23076923076923078,1,0.3333333333333333,0.0,0.5,0.09232970177176185,0.40625,0,0,0,0,0,1,0,0,0,0,1,0
0.576923076923077,1,0.6666666666666666,0.0,0.0,0.14933421371189612,0.53125,1,0,1,0,0,0,0,0,0,1,0,0
0.09615384615384616,1,0.3333333333333333,0.0,0.0,0.07131066358534169,0.53125,0,0,0,0,0,0,1,0,0,0,0,1
0.19230769230769232,0,0.6666666666666666,0.0,1.0,0.023825244855287777,0.0625,1,0,0,0,0,0,1,0,0,0,1,0
0.34615384615384615,1,0.6666666666666666,0.0,0.5,0.6679322108506658,0.71875,0,0,1,0,0,0,0,0,0,1,0,0
0.34615384615384615,1,1.0,0.0,0.5,0.24551557169582922,0.53125,1,1,0,0,0,0,0,0,0,0,1,0
0.07692307692307693,0,0.6666666666666666,0.3333333333333333,0.5,0.07169582920655881,0.53125,1,0,0,0,0,0,1,0,0,0,0,1
0.3269230769230769,1,0.6666666666666666,0.0,0.0,0.06173654671508748,0.25,0,0,1,0,0,0,0,0,0,0,1,0
0.2884615384615385,1,0.6666666666666666,1.0,0.0,0.12809508088478047,0.53125,1,0,0,0,0,0,1,0,0,0,1,0
0.42307692307692313,1,0.6666666666666666,0.0,0.5,0.20518322878837902,0.90625,1,0,0,0,0,0,1,0,0,0,1,0
0.23076923076923078,0,0.6666666666666666,0.0,0.0,0.358093980411577,0.90625,0,0,0,0,0,0,1,0,0,0,1,0
0.07692307692307693,0,0.3333333333333333,0.0,0.0,0.1641906019588423,0.53125,0,0,0,0,0,1,0,0,0,0,0,1
0.3653846153846154,1,0.6666666666666666,0.0,0.0,0.3138549576317817,0.65625,1,0,0,0,0,0,1,0,0,0,1,0
0.13461538461538464,0,1.0,0.0,0.0,0.2851876306811929,0.53125,1,0,1,0,0,0,0,0,0,0,0,1
0.057692307692307696,0,0.3333333333333333,0.0,0.0,0.030593155056674374,0.34375,1,1,0,0,0,0,0,0,0,0,1,0
0.15384615384615385,1,0.3333333333333333,0.0,0.5,0.045779685264663805,0.15625,1,0,0,0,0,0,1,0,0,0,1,0
0.09615384615384616,0,0.6666666666666666,0.0,0.0,0.13965004952129417,0.34375,1,0,0,0,0,1,0,0,0,0,1,0
0.15384615384615385,0,0.6666666666666666,0.0,0.5,0.1474634092659844,0.25,1,0,0,0,0,0,1,0,0,0,1,0
0.2692307692307693,0,0.6666666666666666,0.0,0.0,0.09227467811158797,0.53125,1,0,0,0,1,0,0,0,0,0,1,0
0.15384615384615385,1,0.6666666666666666,0.0,0.5,0.14141080664685815,0.71875,0,0,1,0,0,0,0,0,0,0,1,0
0.15384615384615385,1,0.3333333333333333,0.0,0.0,0.03780125453945196,0.53125,1,0,0,0,1,0,0,0,0,0,1,0
0.21153846153846156,1,0.6666666666666666,0.0,0.5,0.044349070100143065,0.40625,0,0,1,0,0,0,0,0,0,0,1,0
0.576923076923077,1,0.3333333333333333,0.0,0.5,0.1581379993397161,0.25,1,0,1,0,0,0,0,0,0,0,1,0
0.13461538461538464,0,0.6666666666666666,0.0,0.0,0.06261692527786948,0.15625,1,0,0,0,0,1,0,0,0,0,0,1
0.2692307692307693,1,0.3333333333333333,0.0,0.5,0.11742049081104876,0.71875,0,0,0,0,0,0,0,1,0,0,0,1
0.6346153846153847,0,1.0,0.0,0.0,0.10360955210740619,0.25,1,0,1,0,0,0,0,0,0,1,0,0
0.019230769230769232,0,0.6666666666666666,0.0,0.0,0.09843732805106195,0.40625,0,0,0,0,0,1,0,0,0,0,0,1
0.3269230769230769,1,0.6666666666666666,0.0,0.0,0.1402553097832068,0.15625,1,0,1,0,0,0,0,0,0,0,0,1
0.038461538461538464,1,0.3333333333333333,0.0,0.0,0.05716958292065588,0.25,1,0,0,0,0,1,0,0,0,0,1,0
0.5384615384615385,1,0.3333333333333333,0.0,0.0,0.0532078793881369,0.40625,0,0,0,1,0,0,0,0,0,0,1,0
0.7884615384615385,1,0.6666666666666666,0.0,0.0,0.10982722570705403,0.25,0,0,0,0,0,1,0,0,0,0,1,0
0.75,0,0.3333333333333333,0.0,0.0,0.007428194123473095,0.25,1,0,0,0,0,0,1,0,0,0,1,0
0.44230769230769235,0,0.6666666666666666,0.0,0.5,0.09436557719819522,0.53125,1,0,1,0,0,0,0,0,0,0,0,1
0.3269230769230769,0,0.3333333333333333,1.0,0.0,0.07274127874986244,0.46875,1,1,0,0,0,0,0,0,0,0,1,0
0.019230769230769232,0,0.3333333333333333,0.0,0.5,0.13579839330912294,0.53125,0,0,1,0,0,0,0,0,0,0,0,1
0.40384615384615385,1,1.0,0.0,0.0,0.06096621547265324,0.53125,0,0,0,0,0,0,0,0,1,0,1,0
0.25,0,0.3333333333333333,0.3333333333333333,0.5,0.03747111257840871,0.0625,0,0,1,0,0,0,0,0,0,0,1,0
0.07692307692307693,0,0.6666666666666666,0.0,0.0,0.06558820292725871,0.53125,0,0,1,0,0,0,0,0,0,0,0,1
0.3269230769230769,1,0.3333333333333333,0.0,0.5,0.2195994277539342,0.53125,0,1,0,0,0,0,0,0,0,0,1,0
0.23076923076923078,1,0.6666666666666666,0.0,0.0,0.1389347419390338,0.40625,0,0,1,0,0,0,0,0,0,0,1,0
0.25,1,0.6666666666666666,0.0,0.0,0.19880048420820953,0.53125,1,1,0,0,0,0,0,0,0,1,0,0
0.5,0,0.6666666666666666,0.0,0.5,0.11439418950148562,0.09375,1,0,0,0,0,0,1,0,0,0,1,0
0.21153846153846156,0,0.6666666666666666,0.0,0.5,0.03675580499614835,0.15625,0,0,0,0,0,1,0,0,0,0,1,0
0.2884615384615385,0,0.3333333333333333,0.0,0.5,0.08732254869593925,0.53125,0,0,0,0,1,0,0,0,0,1,0,0
0.17307692307692307,0,1.0,0.0,0.0,0.17051832287883792,0.71875,0,0,0,0,0,1,0,0,0,0,1,0
0.07692307692307693,0,0.6666666666666666,0.0,1.0,0.05639925167822163,0.1875,1,0,0,0,0,1,0,0,0,0,1,0
0.057692307692307696,1,0.6666666666666666,0.6666666666666666,0.0,0.14185099592824915,0.53125,1,0,0,0,0,1,0,0,0,0,1,0
0.9807692307692308,1,1.0,0.0,0.0,0.23528117090348852,0.53125,1,1,0,0,0,0,0,0,0,0,1,0
0.5961538461538461,0,0.6666666666666666,0.3333333333333333,0.5,0.13321228128095083,0.71875,0,0,0,0,0,0,1,0,0,1,0,0
0.2692307692307693,1,0.6666666666666666,0.0,0.0,0.09909761197314845,0.40625,1,0,0,0,0,0,1,0,0,0,1,0
0.5,1,0.6666666666666666,0.0,0.0,0.05777484318256851,0.34375,1,0,1,0,0,0,0,0,0,1,0,0
0.057692307692307696,0,0.6666666666666666,0.3333333333333333,0.0,0.02701661714537251,0.25,0,0,0,1,0,0,0,0,0,0,1,0
0.5576923076923077,0,0.3333333333333333,0.3333333333333333,1.0,0.05447342357213601,0.1875,0,0,1,0,0,0,0,0,0,1,0,0
0.19230769230769232,0,0.6666666666666666,1.0,0.0,0.17095851216022892,0.46875,1,0,0,0,0,0,1,0,0,0,1,0
0.057692307692307696,0,0.6666666666666666,0.0,0.0,0.18609001870804448,0.53125,1,0,1,0,0,0,0,0,0,0,0,1
0.057692307692307696,0,0.6666666666666666,0.0,0.0,0.08572686255089688,0.40625,0,0,0,0,0,1,0,0,0,0,1,0
0.5576923076923077,1,1.0,0.0,0.5,0.6577528337184989,0.90625,1,1,0,0,0,0,0,0,0,0,1,0
0.15384615384615385,1,1.0,0.0,0.5,0.4900957411687025,0.96875,1,0,0,0,0,0,1,0,0,1,0,0
0.34615384615384615,1,0.6666666666666666,0.0,0.0,0.18851105975569496,0.0625,1,0,1,0,0,0,0,0,0,0,0,1
0.038461538461538464,0,0.6666666666666666,0.3333333333333333,0.5,0.17558049961483438,0.65625,0,0,0,0,0,1,0,0,0,0,0,1
0.576923076923077,1,0.3333333333333333,0.0,0.0,0.02145922746781116,0.25,1,0,1,0,0,0,0,0,0,0,1,0
0.15384615384615385,1,0.6666666666666666,0.0,0.5,0.18719049191152196,0.46875,1,1,0,0,0,0,0,0,0,0,1,0
0.25,1,0.6666666666666666,0.0,0.0,0.0704302850225597,0.40625,0,0,1,0,0,0,0,0,0,0,1,0
0.3653846153846154,1,0.6666666666666666,0.0,0.0,0.20160669087707717,0.90625,0,1,0,0,0,0,0,0,0,0,1,0
0.057692307692307696,0,0.6666666666666666,0.0,0.0,0.08847804555959062,0.25,1,0,0,0,0,1,0,0,0,0,0,1
0.8846153846153847,1,0.6666666666666666,0.0,0.0,0.12930560140860572,0.40625,0,0,0,0,0,0,1,0,0,1,0,0
0.3076923076923077,1,0.6666666666666666,0.0,0.0,0.09513590844062947,0.34375,1,0,0,0,0,0,1,0,0,0,1,0
0.42307692307692313,1,0.6666666666666666,0.0,1.0,0.10267414988445031,0.0625,1,0,0,0,0,1,0,0,0,0,1,0
0.19230769230769232,1,0.6666666666666666,0.3333333333333333,0.5,0.06531308462638935,0.15625,0,0,1,0,0,0,0,0,0,0,1,0
0.3269230769230769,1,0.6666666666666666,0.6666666666666666,0.0,0.20864971937933313,0.8125,1,0,0,0,0,1,0,0,0,0,1,0
0.8653846153846154,1,0.3333333333333333,0.0,0.0,0.19709475074281943,0.15625,1,0,0,0,1,0,0,0,0,0,1,0
0.17307692307692307,0,0.6666666666666666,0.0,0.0,0.18763068119291296,0.53125,1,0,0,0,0,0,1,0,0,0,1,0
0.4807692307692308,1,0.6666666666666666,0.0,0.0,0.07169582920655881,0.40625,0,0,0,0,0,1,0,0,0,0,1,0
0.07692307692307693,1,0.6666666666666666,0.0,0.5,0.06569825024760646,0.34375,1,0,0,0,0,0,1,0,0,0,1,0
0.0,0,0.6666666666666666,0.0,0.0,0.09519093210080334,0.15625,0,0,0,0,0,1,0,0,0,0,0,1
0.11538461538461539,0,0.3333333333333333,0.0,0.5,0.060801144492131615,0.53125,0,0,1,0,0,0,0,0,0,0,1,0
0.5384615384615385,1,0.6666666666666666,0.0,0.0,0.06289204357873886,0.25,1,0,0,0,1,0,0,0,0,0,1,0
0.17307692307692307,0,0.6666666666666666,0.6666666666666666,0.0,0.06195664135578298,0.53125,1,0,0,0,0,0,1,0,0,0,1,0
0.038461538461538464,1,0.6666666666666666,0.0,0.0,0.847529437658193,0.96875,1,0,0,0,0,0,1,0,0,0,1,0
0.2884615384615385,0,0.6666666666666666,0.0,0.0,0.06839440959612633,0.25,1,0,0,0,0,0,1,0,0,0,1,0
0.13461538461538464,1,0.6666666666666666,0.0,0.0,0.22669747991636405,0.8125,0,0,0,0,0,0,1,0,0,0,1,0
0.15384615384615385,0,0.0,0.0,0.0,0.027511830086937385,0.40625,0,0,0,0,1,0,0,0,0,0,1,0
0.3653846153846154,1,0.3333333333333333,0.0,0.5,0.058215032463959496,0.34375,1,0,0,0,0,0,0,1,0,0,1,0
0.40384615384615385,1,1.0,0.3333333333333333,0.0,0.24061846594035435,0.34375,0,0,0,0,1,0,0,0,0,0,1,0
0.2692307692307693,1,0.6666666666666666,0.0,0.0,0.0880928799383735,0.53125,1,0,0,0,0,0,1,0,0,0,1,0
0.25,1,1.0,0.0,0.0,0.08968856608341587,0.40625,1,0,0,0,0,0,1,0,0,0,1,0
0.15384615384615385,1,0.6666666666666666,0.0,0.0,0.425332893144052,0.71875,0,1,0,0,0,0,0,0,0,0,0,1
0.25,1,0.6666666666666666,0.0,0.0,0.23841751953339935,0.65625,1,0,0,0,0,1,0,0,0,0,1,0
0.13461538461538464,0,0.6666666666666666,0.6666666666666666,0.0,0.06250687795752173,0.25,0,0,1,0,0,0,0,0,0,0,1,0
0.3653846153846154,1,0.6666666666666666,0.0,1.0,0.03835149114119071,0.53125,0,0,1,0,0,0,0,0,0,1,0,0
0.40384615384615385,1,0.3333333333333333,0.0,0.0,0.023880268515461652,0.25,0,0,0,0,1,0,0,0,0,0,0,1
0.5961538461538461,1,1.0,0.0,0.0,0.39760096841641906,0.90625,1,0,0,0,1,0,0,0,0,1,0,0
0.34615384615384615,1,0.3333333333333333,0.0,0.5,0.09199955981071861,0.25,0,0,0,0,0,1,0,0,0,0,1,0
0.5,1,0.6666666666666666,0.0,0.0,0.1129635743369649,0.53125,0,0,1,0,0,0,0,0,0,0,1,0
0.44230769230769235,1,1.0,0.3333333333333333,0.5,0.4311654011224827,0.71875,0,0,1,0,0,0,0,0,0,0,1,0
0.3076923076923077,1,0.6666666666666666,0.0,0.0,0.1153295917244415,0.53125,1,0,1,0,0,0,0,0,0,0,1,0
0.057692307692307696,1,0.6666666666666666,0.0,0.0,0.20485308682733577,0.3125,1,0,1,0,0,0,0,0,0,1,0,0
0.42307692307692313,1,0.3333333333333333,0.0,0.5,0.035105095190932106,0.25,0,0,1,0,0,0,0,0,0,0,1,0
0.34615384615384615,1,0.6666666666666666,0.0,0.0,0.5486959392538792,0.90625,1,0,0,0,0,0,1,0,0,0,1,0
0.17307692307692307,0,0.6666666666666666,0.0,0.5,0.2184989545504567,0.65625,1,1,0,0,0,0,0,0,0,0,1,0
0.42307692307692313,1,0.6666666666666666,0.0,0.5,0.3362495873225487,0.40625,1,0,0,0,0,1,0,0,0,0,1,0
0.07692307692307693,1,0.6666666666666666,0.0,1.0,0.05760977220204688,0.25,1,0,0,0,0,0,1,0,0,0,0,1
0.07692307692307693,1,0.6666666666666666,0.0,0.0,0.035765379113018594,0.25,0,0,1,0,0,0,0,0,0,0,1,0
0.5961538461538461,1,0.6666666666666666,0.0,0.0,0.10955210740618465,0.46875,1,0,0,0,0,1,0,0,0,0,1,0
0.3076923076923077,1,1.0,0.0,0.5,0.044018928139099814,0.0625,1,0,0,0,0,1,0,0,0,0,1,0
0.5961538461538461,0,0.3333333333333333,0.0,1.0,0.04385385715857819,0.0625,1,0,0,0,1,0,0,0,0,0,1,0
0.15384615384615385,1,1.0,0.0,0.0,0.3336634752943766,0.53125,1,0,0,0,0,0,0,0,1,0,1,0
0.2884615384615385,1,0.6666666666666666,1.0,0.5,0.1786068009243975,0.65625,1,0,0,0,0,1,0,0,0,0,1,0
0.15384615384615385,0,0.6666666666666666,0.0,0.0,0.18482447452404535,0.90625,1,1,0,0,0,0,0,0,0,0,1,0
0.46153846153846156,1,0.6666666666666666,0.0,0.0,0.25272367117860683,0.25,0,0,1,0,0,0,0,0,0,0,0,1
0.5384615384615385,1,0.6666666666666666,0.0,1.0,0.1522504677011115,0.65625,1,0,0,0,0,0,1,0,0,0,1,0
0.15384615384615385,1,0.3333333333333333,0.3333333333333333,0.0,0.21398701441619897,0.53125,1,1,0,0,0,0,0,0,0,0,1,0
0.23076923076923078,1,0.6666666666666666,0.3333333333333333,0.0,0.30218994167492025,0.71875,1,1,0,0,0,0,0,0,0,0,1,0
0.44230769230769235,1,1.0,0.0,0.0,0.5566193463189171,0.96875,1,0,1,0,0,0,0,0,0,0,1,0
0.09615384615384616,1,0.6666666666666666,0.6666666666666666,0.0,0.10069329811819082,0.0625,1,0,1,0,0,0,0,0,0,0,1,0
0.42307692307692313,1,0.3333333333333333,0.6666666666666666,0.0,0.12820512820512822,0.46875,0,1,0,0,0,0,0,0,0,0,1,0
0.13461538461538464,0,1.0,0.0,0.0,0.23550126554418402,0.65625,1,0,0,0,0,0,1,0,0,0,0,1
0.2692307692307693,1,0.6666666666666666,0.0,0.0,0.26961593485198637,0.53125,1,0,0,0,0,1,0,0,0,0,1,0
0.09615384615384616,1,0.6666666666666666,0.3333333333333333,0.5,0.2941014636293606,1.0,0,0,0,0,0,0,1,0,0,0,1,0
0.8653846153846154,1,0.3333333333333333,0.0,0.0,0.11742049081104876,0.53125,1,0,0,0,0,0,1,0,0,0,0,1
0.13461538461538464,0,0.6666666666666666,0.0,0.0,0.06619346318917134,0.40625,1,0,0,0,0,0,1,0,0,0,1,0
0.7115384615384616,0,0.6666666666666666,0.0,0.0,0.0708704743039507,0.0625,1,0,0,0,1,0,0,0,0,0,1,0
0.34615384615384615,1,0.6666666666666666,0.0,0.0,0.1116430064927919,0.25,1,0,0,0,0,0,1,0,0,1,0,0
0.2692307692307693,1,0.6666666666666666,0.0,0.0,0.0675690546935182,0.34375,1,0,0,0,0,0,1,0,0,0,1,0
0.5384615384615385,1,0.6666666666666666,0.0,0.0,0.26702982282381427,0.53125,1,0,0,0,0,0,1,0,0,1,0,0
0.23076923076923078,1,0.3333333333333333,0.3333333333333333,0.5,0.5286123032904149,0.71875,1,1,0,0,0,0,0,0,0,0,1,0
0.2884615384615385,1,0.6666666666666666,0.0,0.0,0.3453835149114119,0.96875,1,0,1,0,0,0,0,0,0,1,0,0
0.15384615384615385,1,0.6666666666666666,0.0,1.0,0.06036095521074061,0.1875,1,0,0,0,0,0,1,0,0,0,1,0
0.21153846153846156,1,0.6666666666666666,0.3333333333333333,0.5,0.1437218003741609,0.71875,1,0,1,0,0,0,0,0,0,1,0,0
0.3076923076923077,1,0.6666666666666666,0.3333333333333333,0.0,0.13772422141520854,0.15625,1,0,0,0,0,0,1,0,0,0,1,0
0.23076923076923078,1,0.6666666666666666,1.0,0.0,0.18713546825134808,0.25,1,0,1,0,0,0,0,0,0,0,1,0
0.11538461538461539,1,0.6666666666666666,0.0,0.0,0.039892153626059204,0.34375,1,0,0,0,0,1,0,0,0,0,1,0
0.11538461538461539,0,0.3333333333333333,0.3333333333333333,0.5,0.13101133487399583,0.34375,1,0,0,0,0,0,0,1,0,0,1,0
0.19230769230769232,1,0.6666666666666666,0.3333333333333333,0.5,0.14559260482007264,0.53125,1,0,0,0,0,0,1,0,0,0,1,0
0.4807692307692308,1,0.3333333333333333,0.0,0.0,0.24573566633652472,0.0625,1,0,1,0,0,0,0,0,0,0,1,0
0.17307692307692307,1,0.6666666666666666,0.0,0.0,0.11191812479366127,0.53125,1,0,0,0,0,0,1,0,0,0,1,0
0.5961538461538461,1,0.6666666666666666,0.6666666666666666,0.0,0.05425332893144051,0.0625,1,0,1,0,0,0,0,0,0,0,0,1
0.19230769230769232,1,0.6666666666666666,0.0,0.5,0.04693518212831517,0.25,1,0,0,0,0,0,1,0,0,0,1,0
0.3653846153846154,0,0.0,0.0,0.0,0.03719599427753935,0.25,1,0,1,0,0,0,0,0,0,0,1,0
0.09615384615384616,1,0.6666666666666666,0.0,0.0,0.08528667326950588,0.40625,1,0,0,0,0,0,1,0,0,0,1,0
0.40384615384615385,1,1.0,0.0,1.0,0.09106415758776273,0.34375,1,0,0,0,1,0,0,0,0,0,0,1
0.19230769230769232,0,0.3333333333333333,0.6666666666666666,0.0,0.04803565533179267,0.25,0,0,0,0,0,1,0,0,0,0,0,1
0.5192307692307693,1,0.6666666666666666,0.0,0.0,0.33459887751733247,0.90625,0,0,1,0,0,0,0,0,0,1,0,0
0.5384615384615385,0,0.6666666666666666,0.3333333333333333,1.0,0.062011665015956854,0.53125,1,0,0,0,0,0,1,0,0,1,0,0
0.42307692307692313,1,0.6666666666666666,0.3333333333333333,0.5,0.12396830637173985,0.65625,1,1,0,0,0,0,0,0,0,0,1,0
0.25,0,0.6666666666666666,0.0,0.5,0.12534389787608674,0.59375,1,1,0,0,0,0,0,0,0,0,1,0
0.3076923076923077,0,0.6666666666666666,0.6666666666666666,0.0,0.2791900517222406,0.34375,1,0,1,0,0,0,0,0,0,1,0,0
0.09615384615384616,1,0.6666666666666666,0.3333333333333333,0.5,0.3471992956971498,0.90625,0,0,1,0,0,0,0,0,0,0,1,0
0.11538461538461539,0,0.6666666666666666,0.0,0.5,0.1496093320127655,0.25,0,0,0,0,0,1,0,0,0,0,0,1
0.11538461538461539,0,0.6666666666666666,0.0,0.5,0.05260261912622427,0.15625,1,0,0,0,0,0,1,0,0,0,1,0
0.34615384615384615,1,0.3333333333333333,0.0,0.5,0.10278419720479806,0.15625,1,0,0,0,0,0,1,0,0,0,1,0
0.25,1,1.0,0.6666666666666666,0.0,0.02085396720589854,0.40625,1,0,0,0,0,0,1,0,0,0,1,0
0.3076923076923077,0,0.6666666666666666,0.0,0.0,0.05216242984483327,0.0625,0,0,0,0,1,0,0,0,0,1,0,0
0.5192307692307693,1,1.0,0.0,0.0,0.12248266754704522,0.46875,1,0,1,0,0,0,0,0,0,0,1,0
0.11538461538461539,1,0.3333333333333333,0.0,0.0,0.04886101023440079,0.15625,1,0,0,0,0,0,1,0,0,0,1,0
0.15384615384615385,1,1.0,0.0,0.5,0.7580609662154726,0.96875,0,0,1,0,0,0,0,0,0,0,1,0
0.8461538461538463,1,0.6666666666666666,0.0,0.0,0.40420380763728403,0.65625,1,0,1,0,0,0,0,0,0,0,1,0
0.40384615384615385,1,0.6666666666666666,0.0,0.0,0.15555188731154398,0.65625,1,0,0,0,0,0,1,0,0,0,1,0
0.25,1,1.0,0.0,0.0,0.06905469351821283,0.40625,1,0,0,0,0,0,1,0,0,1,0,0
0.23076923076923078,1,0.6666666666666666,0.0,1.0,0.1594585671838891,0.53125,1,0,0,0,0,0,1,0,0,0,1,0
0.23076923076923078,1,0.6666666666666666,0.3333333333333333,0.5,0.3245295477055134,0.4375,1,0,1,0,0,0,0,0,0,0,1,0
0.2884615384615385,1,1.0,0.0,1.0,0.05981071860900186,0.15625,0,0,0,0,0,0,1,0,0,0,1,0
0.09615384615384616,0,0.6666666666666666,1.0,0.5,0.010069329811819083,0.0625,0,0,0,0,1,0,0,0,0,0,0,1
0.09615384615384616,0,0.3333333333333333,0.0,0.0,0.053813139650049524,0.25,0,0,1,0,0,0,0,0,0,0,1,0
0.9038461538461539,0,0.3333333333333333,0.6666666666666666,0.5,0.02971277649389237,0.15625,1,0,0,0,0,0,1,0,0,0,1,0
0.038461538461538464,0,0.6666666666666666,0.0,0.0,0.12765489160338947,0.59375,0,0,1,0,0,0,0,0,0,0,0,1
0.42307692307692313,0,0.3333333333333333,1.0,0.0,0.0,0.0625,1,0,1,0,0,0,0,0,0,0,1,0
0.5384615384615385,1,0.3333333333333333,0.6666666666666666,0.0,0.0586552217453505,0.34375,1,0,0,0,0,0,1,0,0,0,1,0
0.11538461538461539,0,0.6666666666666666,0.0,0.0,0.08979861340376362,0.40625,0,0,0,0,0,0,1,0,0,0,0,1
0.7692307692307693,0,0.6666666666666666,0.0,0.5,0.33927588863211183,0.90625,0,1,0,0,0,0,0,0,0,0,0,1
0.3269230769230769,1,0.6666666666666666,1.0,1.0,0.05639925167822163,0.53125,1,1,0,0,0,0,0,0,0,0,1,0
0.2692307692307693,1,0.6666666666666666,0.0,0.5,0.33856058104985143,0.53125,1,0,0,0,0,0,1,0,0,0,1,0
0.038461538461538464,1,0.3333333333333333,0.0,0.0,0.09557609772202047,0.53125,0,0,0,0,0,0,1,0,0,0,0,1
0.4807692307692308,0,0.3333333333333333,0.0,0.5,0.02806206668867613,0.125,1,0,0,0,0,0,1,0,0,0,1,0
0.17307692307692307,0,0.6666666666666666,1.0,0.0,0.12947067238912735,0.53125,1,0,1,0,0,0,0,0,0,0,0,1
0.34615384615384615,0,0.6666666666666666,0.0,0.0,0.17222405634422802,0.0,1,0,1,0,0,0,0,0,0,0,1,0
0.19230769230769232,0,0.0,0.0,0.5,0.20578848905029165,0.71875,1,0,0,1,0,0,0,0,0,0,1,0
0.07692307692307693,0,1.0,0.0,0.5,0.6223175965665235,0.53125,0,0,1,0,0,0,0,0,0,0,0,1
0.3076923076923077,1,0.3333333333333333,0.3333333333333333,0.0,0.2272477165181028,0.40625,1,0,1,0,0,0,0,0,0,0,1,0
0.5,1,1.0,0.0,0.0,0.3582590513920986,0.0625,1,0,1,0,0,0,0,0,0,0,1,0
0.13461538461538464,0,0.3333333333333333,0.3333333333333333,0.5,0.2217453505007153,0.65625,0,1,0,0,0,0,0,0,0,0,0,1
0.25,1,0.6666666666666666,0.3333333333333333,0.0,0.11417409486079015,0.53125,1,0,1,0,0,0,0,0,0,0,1,0
0.07692307692307693,1,0.3333333333333333,0.0,0.5,0.043908880818752064,0.1875,1,0,0,0,0,0,1,0,0,0,1,0
0.42307692307692313,1,0.6666666666666666,0.0,0.0,0.16011885110597557,0.46875,1,0,0,0,0,0,1,0,0,0,1,0
0.057692307692307696,1,0.6666666666666666,0.6666666666666666,0.0,0.12286783316826234,0.53125,1,0,0,0,0,1,0,0,0,0,1,0
0.21153846153846156,1,1.0,0.0,0.0,0.7664245625619016,0.75,1,0,0,0,0,1,0,0,0,0,1,0
0.17307692307692307,1,0.3333333333333333,0.0,0.0,0.08512160228898426,0.28125,1,1,0,0,0,0,0,0,0,0,1,0
0.07692307692307693,0,0.6666666666666666,0.0,0.0,0.12440849565313085,0.34375,1,0,1,0,0,0,0,0,0,0,0,1
0.34615384615384615,0,0.3333333333333333,0.0,0.0,0.056344228018047754,0.25,0,0,1,0,0,0,0,0,0,0,1,0
0.13461538461538464,1,0.6666666666666666,0.0,0.0,0.2750082535490261,0.46875,1,0,1,0,0,0,0,0,0,0,1,0
0.2692307692307693,1,0.6666666666666666,0.0,0.0,0.15291075162319798,0.34375,1,0,1,0,0,0,0,0,0,0,1,0
0.576923076923077,0,0.6666666666666666,0.0,0.0,0.00979421151094971,0.0625,1,0,0,0,0,1,0,0,0,0,1,0
0.07692307692307693,0,0.3333333333333333,0.0,0.0,0.03994717728623308,0.40625,0,0,1,0,0,0,0,0,0,0,1,0
0.07692307692307693,0,0.3333333333333333,0.3333333333333333,0.5,0.03251898316275999,0.25,1,1,0,0,0,0,0,0,0,0,0,1
0.11538461538461539,0,0.6666666666666666,0.0,0.0,0.3037856278199626,0.65625,1,0,0,0,0,0,1,0,0,0,1,0
0.6923076923076923,1,0.6666666666666666,1.0,0.0,0.07180587652690656,0.25,0,0,0,0,0,0,0,1,0,1,0,0
0.25,0,0.6666666666666666,0.0,0.0,0.05694948827996038,0.53125,0,0,1,0,0,0,0,0,0,0,0,1
0.9807692307692308,1,0.0,0.0,1.0,0.05771981952239463,0.0625,1,0,1,0,0,0,0,0,0,0,1,0
0.38461538461538464,1,0.6666666666666666,0.0,1.0,0.05617915703752613,0.34375,0,0,0,0,0,0,1,0,0,1,0,0
0.23076923076923078,1,0.6666666666666666,0.0,0.0,0.06289204357873886,0.53125,1,0,1,0,0,0,0,0,0,0,1,0
0.3076923076923077,1,0.6666666666666666,0.0,0.0,0.02426543413667877,0.25,0,0,1,0,0,0,0,0,0,0,1,0
0.7692307692307693,0,0.6666666666666666,0.0,0.0,0.2638384505337295,0.34375,1,0,1,0,0,0,0,0,0,0,1,0
0.09615384615384616,0,0.6666666666666666,0.0,0.0,0.10311433916584131,0.40625,0,0,0,0,0,1,0,0,0,0,0,1
0.09615384615384616,1,0.3333333333333333,0.0,0.0,0.10806646858149004,0.25,1,0,0,0,0,0,1,0,0,0,1,0
0.21153846153846156,1,1.0,0.0,0.0,0.6839440959612633,0.46875,0,0,1,0,0,0,0,0,0,1,0,0
0.15384615384615385,1,0.6666666666666666,0.3333333333333333,0.0,0.12176735996478487,0.53125,1,0,1,0,0,0,0,0,0,0,1,0
0.40384615384615385,1,0.3333333333333333,0.0,0.5,0.049796412457356665,0.25,1,0,0,0,0,0,1,0,0,0,1,0
0.23076923076923078,1,0.3333333333333333,0.0,0.0,0.1572576207769341,0.65625,0,0,0,0,0,1,0,0,0,0,1,0
0.23076923076923078,0,0.6666666666666666,0.0,0.0,0.145867723120942,0.1875,1,0,1,0,0,0,0,0,0,0,0,1
0.17307692307692307,1,0.6666666666666666,0.0,0.5,0.18526466380543635,0.25,1,0,0,0,0,1,0,0,0,0,0,1
0.8461538461538463,1,0.3333333333333333,0.0,0.0,0.07730824254429404,0.25,1,0,0,0,0,0,1,0,0,0,1,0
0.13461538461538464,0,0.6666666666666666,0.0,0.0,0.14097061736546715,0.53125,1,0,1,0,0,0,0,0,0,0,0,1
0.11538461538461539,0,1.0,0.0,0.0,0.4300099042588313,0.71875,0,0,0,0,1,0,0,0,0,0,1,0
0.3269230769230769,1,1.0,0.0,0.0,0.16644657202597118,0.46875,1,0,1,0,0,0,0,0,0,0,1,0
0.6346153846153847,1,0.6666666666666666,0.3333333333333333,0.0,0.10856168152305491,0.53125,1,0,0,0,0,0,1,0,0,0,1,0
0.9038461538461539,1,0.0,0.6666666666666666,1.0,0.06767910201386595,0.25,1,0,1,0,0,0,0,0,0,1,0,0
0.11538461538461539,0,0.6666666666666666,0.0,0.0,0.06168152305491362,0.53125,0,0,1,0,0,0,0,0,0,0,0,1
0.34615384615384615,1,0.6666666666666666,0.0,0.0,0.18075272367117862,0.71875,1,0,1,0,0,0,0,0,0,0,1,0
0.11538461538461539,0,0.6666666666666666,0.0,0.0,0.17932210850665786,0.40625,1,0,0,0,0,0,1,0,0,0,1,0
0.3653846153846154,1,1.0,1.0,0.0,0.3004842082095301,0.71875,1,0,1,0,0,0,0,0,0,0,1,0
0.9230769230769231,0,0.6666666666666666,0.0,0.5,0.1992956971497744,0.40625,1,0,0,0,0,0,0,1,0,0,1,0
0.11538461538461539,1,0.6666666666666666,0.0,0.5,0.25767580059425554,0.75,0,0,0,0,0,0,1,0,0,0,1,0
0.7884615384615385,1,0.6666666666666666,1.0,0.0,0.09298998569384835,0.53125,1,0,1,0,0,0,0,0,0,0,1,0
0.23076923076923078,1,0.3333333333333333,0.0,0.5,0.06382744580169472,0.25,1,0,0,0,1,0,0,0,0,0,1,0
0.07692307692307693,0,0.3333333333333333,0.3333333333333333,0.5,0.03224386486189061,0.25,0,0,1,0,0,0,0,0,0,0,1,0
0.7884615384615385,1,1.0,0.0,0.5,0.3421371189611533,0.4375,1,0,1,0,0,0,0,0,0,0,1,0
0.3076923076923077,1,0.3333333333333333,1.0,0.5,0.09304500935402223,0.40625,1,1,0,0,0,0,0,0,0,0,1,0
0.40384615384615385,1,0.6666666666666666,0.6666666666666666,0.0,0.1334323759216463,0.5,1,0,0,0,0,0,1,0,0,0,1,0
0.3653846153846154,1,0.6666666666666666,0.0,0.0,0.1376141740948608,0.90625,1,0,1,0,0,0,0,0,0,0,1,0
0.5961538461538461,1,0.6666666666666666,0.0,0.5,0.32871134587872786,0.90625,0,0,0,0,1,0,0,0,0,1,0,0
0.15384615384615385,1,0.6666666666666666,0.0,0.0,0.3162759986794322,0.78125,0,0,0,0,1,0,0,0,0,0,1,0
0.38461538461538464,0,0.6666666666666666,0.0,0.5,0.05161219324309453,0.46875,0,1,0,0,0,0,0,0,0,0,1,0
0.42307692307692313,1,1.0,0.0,0.0,0.3336084516342027,0.53125,1,0,1,0,0,0,0,0,0,0,1,0
0.15384615384615385,1,0.6666666666666666,0.0,0.0,0.0534279740288324,0.0625,1,0,0,0,0,1,0,0,0,0,1,0
0.6153846153846154,1,0.6666666666666666,0.0,1.0,0.14537251017937713,0.53125,1,0,0,0,0,1,0,0,0,1,0,0
0.25,1,0.6666666666666666,0.6666666666666666,0.0,0.15472653240893586,0.53125,1,0,0,0,0,1,0,0,0,0,0,1
0.057692307692307696,0,0.6666666666666666,0.3333333333333333,0.0,0.11285352701661715,0.15625,1,0,0,0,0,1,0,0,0,0,0,1
0.6153846153846154,1,0.6666666666666666,0.0,0.0,0.39952679652250467,0.40625,0,0,1,0,0,0,0,0,0,1,0,0
0.057692307692307696,0,0.3333333333333333,0.0,0.0,0.055463849455265765,0.25,1,0,0,0,0,1,0,0,0,0,0,1
0.6730769230769231,1,0.6666666666666666,0.0,0.0,0.02569604930119952,0.53125,1,0,1,0,0,0,0,0,0,0,1,0
0.3076923076923077,1,0.0,0.0,0.5,0.07147573456586331,0.15625,1,0,1,0,0,0,0,0,0,0,1,0
0.6730769230769231,1,0.6666666666666666,0.0,0.0,0.07411687025420931,0.53125,1,0,0,0,1,0,0,0,0,1,0,0
0.5576923076923077,0,0.3333333333333333,0.0,0.5,0.08501155496863651,0.40625,1,0,0,0,0,0,1,0,0,0,0,1
0.09615384615384616,0,0.6666666666666666,0.0,0.0,0.2213051612193243,0.4375,1,0,0,0,0,1,0,0,0,0,1,0
0.3076923076923077,1,0.6666666666666666,0.0,0.0,0.03994717728623308,0.25,1,0,0,0,0,0,1,0,0,0,1,0
0.09615384615384616,0,0.0,0.0,0.5,0.39738087377572356,0.25,1,0,1,0,0,0,0,0,0,0,0,1
0.09615384615384616,1,0.6666666666666666,0.0,0.0,0.49636843842852424,0.71875,0,0,1,0,0,0,0,0,0,0,1,0
0.13461538461538464,1,0.3333333333333333,0.0,0.5,0.01870804445911742,0.0625,1,0,0,0,0,0,1,0,0,0,1,0
0.8846153846153847,1,0.6666666666666666,0.0,0.0,0.037416088918234836,0.25,1,0,0,0,0,0,1,0,0,0,1,0
0.6923076923076923,1,1.0,0.0,0.5,0.49702872235061074,0.8125,1,0,1,0,0,0,0,0,0,1,0,0
0.13461538461538464,0,0.0,0.0,0.5,0.08407615274568064,0.34375,0,0,1,0,0,0,0,0,0,0,0,1
0.13461538461538464,1,0.6666666666666666,0.0,0.5,0.03615054473423572,0.125,1,1,0,0,0,0,0,0,0,0,1,0
0.17307692307692307,1,0.3333333333333333,0.0,0.5,0.012875536480686695,0.0625,1,0,0,0,0,0,1,0,0,0,1,0
0.09615384615384616,1,0.6666666666666666,0.0,0.0,0.5160669087707714,0.71875,0,0,1,0,0,0,0,0,0,0,1,0
0.6730769230769231,1,0.6666666666666666,0.0,0.0,0.15412127214702323,0.90625,0,0,0,1,0,0,0,0,0,0,1,0
0.5192307692307693,1,0.6666666666666666,0.0,0.0,0.20254209310003302,0.90625,0,0,1,0,0,0,0,0,0,1,0,0
0.6730769230769231,0,0.6666666666666666,0.0,0.5,0.39517992736876856,0.71875,1,0,1,0,0,0,0,0,0,0,0,1
0.826923076923077,1,0.6666666666666666,0.6666666666666666,0.0,0.05986574226917574,0.0625,1,0,0,1,0,0,0,0,0,0,1,0
0.09615384615384616,0,0.6666666666666666,0.0,0.0,0.07175085286673269,0.0625,1,0,0,0,0,0,1,0,0,0,0,1
0.46153846153846156,1,1.0,0.0,0.0,0.8587542643336634,0.71875,1,0,0,0,0,0,0,0,1,0,1,0
0.13461538461538464,1,0.6666666666666666,0.0,0.0,0.06025090789039286,0.40625,0,0,0,0,0,0,1,0,0,0,1,0
0.15384615384615385,1,0.6666666666666666,0.0,0.0,0.04682513480796743,0.25,1,0,1,0,0,0,0,0,0,0,1,0
0.09615384615384616,1,0.6666666666666666,0.0,1.0,0.15219544404093763,0.25,1,0,0,0,0,0,1,0,0,0,1,0
0.42307692307692313,1,0.6666666666666666,0.0,0.0,0.1354682513480797,0.71875,0,0,0,0,0,1,0,0,0,0,1,0
0.5384615384615385,1,0.3333333333333333,0.0,0.0,0.026466380543633764,0.125,1,0,1,0,0,0,0,0,0,0,1,0
0.3076923076923077,1,1.0,0.0,0.0,0.19423352041377795,0.40625,1,0,0,0,0,1,0,0,0,0,1,0
0.21153846153846156,1,0.6666666666666666,0.0,0.0,0.07439198855507868,0.46875,1,0,1,0,0,0,0,0,0,0,1,0
0.2692307692307693,0,0.6666666666666666,0.0,0.0,0.20446792120611865,0.40625,0,0,1,0,0,0,0,0,0,0,0,1
0.3269230769230769,1,0.6666666666666666,0.0,0.0,0.21541762958071972,0.40625,0,1,0,0,0,0,0,0,0,0,1,0
0.5384615384615385,1,0.6666666666666666,0.0,0.0,0.44486629250577747,0.71875,0,0,1,0,0,0,0,0,0,1,0,0
0.3653846153846154,1,0.6666666666666666,0.0,0.5,0.3538571585781886,0.90625,1,1,0,0,0,0,0,0,0,1,0,0
0.4807692307692308,1,0.6666666666666666,0.6666666666666666,0.0,0.11692527786948388,0.53125,1,1,0,0,0,0,0,0,0,0,1,0
0.07692307692307693,0,0.6666666666666666,0.0,0.0,0.05315285572796302,0.40625,0,0,1,0,0,0,0,0,0,0,0,1
0.19230769230769232,1,0.6666666666666666,0.0,0.0,0.6364036535710355,0.84375,0,1,0,0,0,0,0,0,0,0,0,1
0.44230769230769235,0,0.6666666666666666,0.0,0.5,0.2659843732805106,0.53125,1,0,0,0,0,0,1,0,0,0,1,0
0.11538461538461539,0,0.3333333333333333,0.0,1.0,0.11428414218113787,0.34375,0,0,0,0,0,0,1,0,0,0,1,0
0.5576923076923077,1,0.6666666666666666,0.0,0.0,0.045779685264663805,0.25,0,0,1,0,0,0,0,0,0,0,1,0
0.038461538461538464,0,0.6666666666666666,0.0,0.0,0.034995047870584356,0.25,1,0,0,0,0,0,1,0,0,0,1,0
0.07692307692307693,0,0.3333333333333333,0.0,0.0,0.01931330472103004,0.0,1,0,0,0,0,1,0,0,0,0,0,1
0.8461538461538463,1,0.6666666666666666,0.0,0.0,0.148949048090679,0.53125,1,0,1,0,0,0,0,0,0,0,1,0
0.5192307692307693,1,0.6666666666666666,0.0,0.0,0.12991086167051832,0.53125,1,0,0,0,0,0,1,0,0,0,1,0
0.19230769230769232,1,0.6666666666666666,0.0,0.0,0.2712116209970287,0.71875,0,0,0,0,0,1,0,0,0,0,1,0
0.17307692307692307,1,0.3333333333333333,0.0,0.0,0.1509298998569385,0.46875,1,0,1,0,0,0,0,0,0,0,1,0
0.07692307692307693,0,0.6666666666666666,0.0,0.0,0.09315505667436998,0.40625,0,0,0,0,0,0,0,1,0,0,1,0
0.5961538461538461,1,0.6666666666666666,0.0,0.0,0.07202597116760207,0.53125,1,1,0,0,0,0,0,0,0,0,1,0
0.5384615384615385,1,0.6666666666666666,0.0,0.0,0.17453505007153078,0.40625,1,0,0,0,0,1,0,0,0,0,1,0
0.3076923076923077,1,0.6666666666666666,0.0,0.5,0.2050181578078574,0.46875,1,0,0,0,0,1,0,0,0,0,1,0
0.9423076923076924,1,0.6666666666666666,0.0,0.0,0.3582590513920986,0.40625,0,0,1,0,0,0,0,0,0,0,0,1
0.17307692307692307,1,0.6666666666666666,0.0,0.0,0.05496863651370089,0.53125,1,0,1,0,0,0,0,0,0,0,1,0
0.7692307692307693,1,0.6666666666666666,0.0,0.0,0.06129635743369649,0.15625,1,0,0,0,0,0,1,0,0,0,1,0
0.7307692307692308,1,0.3333333333333333,0.0,0.0,0.025255860019808517,0.25,0,0,0,0,0,0,1,0,0,0,1,0
0.2692307692307693,1,0.6666666666666666,0.0,0.0,0.10922196544514141,0.4375,0,0,1,0,0,0,0,0,0,0,0,1
0.46153846153846156,1,0.6666666666666666,0.0,0.0,0.20864971937933313,0.53125,1,0,1,0,0,0,0,0,0,0,1,0
0.3076923076923077,1,0.6666666666666666,0.0,0.0,0.06718388907230109,0.34375,1,0,0,0,0,0,1,0,0,1,0,0
0.25,1,0.3333333333333333,0.0,0.0,0.06558820292725871,0.40625,0,0,1,0,0,0,0,0,0,1,0,0
0.5,1,0.6666666666666666,0.0,0.0,0.5846263893474194,0.71875,1,0,1,0,0,0,0,0,0,0,1,0
0.2692307692307693,1,0.6666666666666666,0.3333333333333333,0.0,0.06734896005282272,0.53125,1,0,1,0,0,0,0,0,0,0,1,0
0.40384615384615385,0,0.6666666666666666,0.0,0.0,0.03543523715197534,0.1875,1,0,0,0,1,0,0,0,0,0,1,0
0.17307692307692307,1,0.6666666666666666,0.0,0.0,0.17018818091779467,0.34375,1,0,0,0,0,1,0,0,0,1,0,0
0.19230769230769232,0,0.6666666666666666,0.0,0.0,0.20408275558490152,0.34375,0,0,1,0,0,0,0,0,0,0,1,0
0.13461538461538464,1,0.6666666666666666,0.3333333333333333,0.0,0.18306371739848135,0.15625,1,0,1,0,0,0,0,0,0,0,0,1
0.15384615384615385,1,0.6666666666666666,1.0,0.0,0.30560140860570045,0.53125,1,0,1,0,0,0,0,0,0,0,1,0
0.17307692307692307,1,0.6666666666666666,0.0,0.0,0.10559040387366568,0.40625,0,1,0,0,0,0,0,0,0,0,1,0
0.3076923076923077,0,0.6666666666666666,0.0,0.0,0.12044679212061186,0.53125,0,0,0,0,0,0,1,0,0,0,1,0
0.25,1,0.3333333333333333,1.0,0.0,0.23528117090348852,0.59375,1,0,0,0,0,1,0,0,0,0,1,0
0.11538461538461539,1,0.3333333333333333,0.0,0.0,0.10784637394079453,0.1875,0,0,0,0,0,1,0,0,0,0,0,1
0.019230769230769232,0,0.6666666666666666,0.6666666666666666,0.0,0.10845163420270716,0.34375,1,0,0,0,0,1,0,0,0,0,0,1
0.15384615384615385,0,0.6666666666666666,0.0,0.0,0.11769560911191813,0.40625,1,0,0,0,0,0,1,0,0,0,1,0
0.44230769230769235,1,0.6666666666666666,0.0,0.0,0.16952789699570817,0.25,1,0,0,0,0,1,0,0,0,0,1,0
0.34615384615384615,1,0.6666666666666666,0.0,0.0,0.39391438318476946,0.71875,1,1,0,0,0,0,0,0,0,0,1,0
0.09615384615384616,0,0.6666666666666666,0.0,0.0,0.022119511389897654,0.25,1,0,0,0,0,1,0,0,0,0,0,1
0.40384615384615385,0,0.6666666666666666,0.6666666666666666,0.0,0.4087157477715418,0.71875,1,0,0,0,0,1,0,0,0,0,1,0
0.5192307692307693,1,0.6666666666666666,0.0,1.0,0.06014086057004511,0.0625,1,0,1,0,0,0,0,0,0,0,1,0
0.13461538461538464,1,0.6666666666666666,0.3333333333333333,0.0,0.06228678331682623,0.53125,1,1,0,0,0,0,0,0,0,0,1,0
0.09615384615384616,0,0.6666666666666666,0.0,0.0,0.034334763948497854,0.34375,1,0,0,1,0,0,0,0,0,0,1,0
0.19230769230769232,1,0.3333333333333333,0.0,0.0,0.18377902498074172,0.25,1,0,0,0,0,1,0,0,0,0,1,0
0.40384615384615385,0,0.6666666666666666,1.0,0.5,0.05898536370639375,0.21875,1,0,1,0,0,0,0,0,0,0,1,0
0.3269230769230769,1,1.0,0.0,0.0,0.09298998569384835,0.40625,1,0,0,0,0,0,1,0,0,1,0,0
0.17307692307692307,1,0.6666666666666666,0.0,0.0,0.1840541432816111,0.71875,1,0,0,0,0,0,1,0,0,0,1,0
0.15384615384615385,1,1.0,0.0,0.0,0.06448772972378122,0.15625,0,0,1,0,0,0,0,0,0,1,0,0
0.3269230769230769,1,0.6666666666666666,0.0,0.0,0.35721360184879497,0.65625,1,0,0,0,0,0,1,0,0,0,1,0
0.3653846153846154,1,1.0,0.0,0.0,0.41619896555518876,0.53125,1,0,1,0,0,0,0,0,0,0,1,0
0.5576923076923077,1,0.6666666666666666,0.0,0.0,0.49669858038956755,0.53125,1,0,1,0,0,0,0,0,0,1,0,0
0.3269230769230769,1,0.6666666666666666,0.0,0.5,0.10625068779575217,0.65625,1,0,1,0,0,0,0,0,0,0,1,0
0.8846153846153847,0,0.0,0.0,0.0,0.04666006382744581,0.40625,1,0,0,0,0,0,1,0,0,0,1,0
0.46153846153846156,1,0.6666666666666666,0.0,0.5,0.20947507428194126,0.53125,0,0,0,0,0,1,0,0,0,0,1,0
0.6538461538461539,0,0.6666666666666666,0.0,0.0,0.029987894794761747,0.25,0,0,0,0,1,0,0,0,0,0,1,0
0.2884615384615385,1,0.6666666666666666,0.0,0.5,0.14168592494772753,0.53125,1,1,0,0,0,0,0,0,0,0,1,0
0.07692307692307693,1,0.6666666666666666,0.0,0.5,0.8485748872014967,0.90625,0,1,0,0,0,0,0,0,0,0,1,0
0.2884615384615385,1,1.0,0.0,0.0,0.350170573346539,0.71875,1,0,1,0,0,0,0,0,0,0,1,0
0.40384615384615385,1,0.6666666666666666,0.0,0.0,0.4167492021569275,0.625,1,0,1,0,0,0,0,0,0,0,0,1
0.46153846153846156,1,1.0,0.0,0.0,0.12061186310113349,0.59375,1,1,0,0,0,0,0,0,0,0,1,0
0.5192307692307693,1,0.6666666666666666,0.0,0.0,0.08688235941454825,0.34375,1,0,0,0,0,0,1,0,0,0,1,0
0.3653846153846154,1,0.3333333333333333,0.0,0.0,0.10570045119401342,0.25,1,0,1,0,0,0,0,0,0,0,1,0
0.2884615384615385,1,0.6666666666666666,0.0,0.5,0.30538131396500495,0.71875,1,0,1,0,0,0,0,0,0,0,1,0
0.19230769230769232,1,0.6666666666666666,0.0,0.0,0.0505667436997909,0.40625,1,0,0,0,0,0,1,0,0,0,1,0
0.23076923076923078,1,1.0,0.0,0.0,0.47854077253218885,0.71875,1,0,1,0,0,0,0,0,0,0,1,0
0.17307692307692307,0,1.0,0.0,0.0,0.12963574336964895,0.46875,1,0,0,0,0,0,1,0,0,0,0,1
0.3076923076923077,0,0.6666666666666666,1.0,0.0,0.07384175195333993,0.25,1,0,0,0,0,1,0,0,0,0,1,0
0.2692307692307693,0,0.3333333333333333,0.0,0.0,0.10652580609662154,0.34375,1,0,0,0,0,1,0,0,0,0,0,1
0.44230769230769235,1,0.6666666666666666,0.0,0.0,0.21475734565863322,0.40625,0,0,0,0,0,1,0,0,0,0,1,0
0.46153846153846156,1,0.6666666666666666,0.0,0.0,0.13068119291295258,0.375,0,0,1,0,0,0,0,0,0,0,0,1
0.4807692307692308,1,0.6666666666666666,0.0,0.0,0.1780015406624849,0.4375,1,0,1,0,0,0,0,0,0,0,1,0
0.44230769230769235,1,0.6666666666666666,0.0,0.0,0.5627269725982172,0.71875,1,0,1,0,0,0,0,0,0,1,0,0
0.40384615384615385,1,0.6666666666666666,0.0,0.0,0.06250687795752173,0.34375,1,0,0,0,0,0,1,0,0,0,0,1
0.3269230769230769,1,1.0,0.0,0.0,0.056564322658743255,0.53125,1,0,0,0,0,0,1,0,0,0,1,0
0.019230769230769232,1,1.0,0.0,0.0,0.04715527676901067,0.25,1,0,0,0,0,0,1,0,0,0,0,1
0.09615384615384616,1,0.3333333333333333,0.0,0.0,0.19329811819082207,0.46875,1,0,1,0,0,0,0,0,0,0,1,0
0.15384615384615385,1,0.6666666666666666,0.0,0.5,0.1904368878617806,0.71875,1,0,0,0,1,0,0,0,0,0,1,0
0.5192307692307693,0,0.3333333333333333,0.0,0.0,0.18399911962143722,0.34375,1,0,1,0,0,0,0,0,0,0,1,0
0.2692307692307693,0,0.3333333333333333,0.0,0.5,0.1620446792120612,0.15625,1,0,1,0,0,0,0,0,0,0,1,0
0.2884615384615385,0,0.6666666666666666,0.0,0.0,0.23131946737096953,0.71875,1,0,0,0,0,0,1,0,0,0,1,0
0.11538461538461539,0,0.3333333333333333,0.0,0.5,0.24683613954000222,0.53125,0,0,0,0,0,1,0,0,0,0,1,0
0.11538461538461539,0,0.6666666666666666,0.0,0.5,0.15081985253659075,0.65625,1,0,0,0,0,0,1,0,0,0,1,0
0.17307692307692307,1,0.6666666666666666,1.0,0.0,0.10410476504897105,0.21875,1,1,0,0,0,0,0,0,0,0,1,0
0.23076923076923078,1,0.6666666666666666,0.0,0.0,0.16017387476614944,0.53125,0,1,0,0,0,0,0,0,0,0,0,1
0.25,0,1.0,0.0,0.5,1.0,0.90625,0,0,0,0,0,0,0,0,1,0,1,0
0.25,1,0.6666666666666666,0.3333333333333333,0.0,0.14295146913172666,0.1875,1,0,1,0,0,0,0,0,0,0,1,0
0.9423076923076924,1,1.0,0.0,0.0,0.8058765269065697,0.0625,0,0,1,0,0,0,0,0,0,0,1,0
0.2692307692307693,1,0.6666666666666666,0.3333333333333333,0.0,0.11604489930670188,0.53125,0,0,0,0,0,1,0,0,0,0,1,0
0.38461538461538464,1,1.0,0.0,0.0,0.17029822823814242,0.53125,0,0,0,0,0,1,0,0,0,0,0,1
0.17307692307692307,0,0.6666666666666666,0.0,0.0,0.08622207549246176,0.40625,1,0,0,0,0,1,0,0,0,0,1,0
0.34615384615384615,1,1.0,0.6666666666666666,0.0,0.6877407285132606,0.90625,1,0,0,0,0,0,1,0,0,0,1,0
0.057692307692307696,0,0.6666666666666666,0.0,0.0,0.06140640475404424,0.15625,0,0,0,0,0,0,1,0,0,0,0,1
0.21153846153846156,1,0.6666666666666666,0.0,0.5,0.09640145262462858,0.25,1,0,1,0,0,0,0,0,0,0,0,1
0.6923076923076923,1,0.6666666666666666,0.0,0.0,0.36436667767139874,0.53125,0,0,0,0,0,1,0,0,0,0,1,0
0.5192307692307693,1,0.6666666666666666,0.0,0.0,0.024595576097722022,0.25,0,0,1,0,0,0,0,0,0,0,1,0
0.038461538461538464,0,0.6666666666666666,0.0,0.0,0.04396390447892594,0.40625,1,0,0,0,0,1,0,0,0,0,0,1
0.38461538461538464,1,0.6666666666666666,0.0,0.0,0.5528227137669197,0.90625,0,0,1,0,0,0,0,0,0,1,0,0
0.75,1,0.6666666666666666,0.0,0.0,0.08897325850115549,0.65625,1,0,0,0,0,0,1,0,0,0,1,0
0.46153846153846156,1,0.3333333333333333,0.0,0.0,0.06019588423021899,0.25,1,0,1,0,0,0,0,0,0,0,1,0
0.09615384615384616,1,0.3333333333333333,0.0,0.0,0.08237041928029053,0.53125,1,0,0,0,0,1,0,0,0,0,1,0
0.057692307692307696,0,0.6666666666666666,0.0,0.5,0.07813359744690217,0.15625,0,0,0,0,0,0,1,0,0,0,1,0
0.21153846153846156,1,0.6666666666666666,0.0,0.0,0.05359304500935402,0.15625,1,0,1,0,0,0,0,0,0,0,1,0
0.44230769230769235,1,0.6666666666666666,0.6666666666666666,0.0,0.014966435567293938,0.25,1,0,0,0,0,0,1,0,0,0,1,0
0.07692307692307693,0,0.6666666666666666,0.0,0.0,0.06866952789699571,0.25,1,0,0,0,0,0,1,0,0,0,1,0
0.21153846153846156,1,1.0,0.3333333333333333,0.5,0.09183448883019699,0.65625,0,0,0,0,0,0,1,0,0,0,1,0
0.17307692307692307,0,0.3333333333333333,0.0,1.0,0.02723671178606801,0.15625,0,0,0,0,0,0,1,0,0,0,1,0
0.21153846153846156,1,1.0,0.0,0.5,0.09975789589523495,0.0625,1,0,0,0,0,0,1,0,0,0,0,1
0.44230769230769235,1,0.6666666666666666,0.0,0.5,0.33223286012985587,0.96875,0,0,0,0,1,0,0,0,0,1,0,0
0.5192307692307693,1,1.0,0.0,0.0,0.3627159678661825,0.53125,1,0,1,0,0,0,0,0,0,0,1,0
0.5,1,1.0,0.0,0.0,0.18031253438978762,0.25,1,0,1,0,0,0,0,0,0,0,1,0
0.23076923076923078,1,0.3333333333333333,0.0,0.0,0.07131066358534169,0.1875,1,0,1,0,0,0,0,0,0,0,1,0
0.23076923076923078,1,0.6666666666666666,0.0,0.0,0.03736106525806096,0.53125,1,0,0,0,0,1,0,0,0,0,1,0
0.44230769230769235,1,0.3333333333333333,0.0,0.0,0.06630351050951909,0.0,1,0,1,0,0,0,0,0,0,0,1,0
0.5192307692307693,0,0.6666666666666666,0.0,0.0,0.08776273797733025,0.34375,1,0,0,0,0,1,0,0,0,0,0,1
0.21153846153846156,0,0.6666666666666666,0.6666666666666666,0.5,0.44613183668977663,0.90625,1,0,1,0,0,0,0,0,0,0,1,0
0.21153846153846156,1,0.6666666666666666,0.6666666666666666,0.0,0.17051832287883792,0.53125,0,0,0,0,0,1,0,0,0,1,0,0
0.3653846153846154,1,1.0,0.0,0.0,0.14355672939363928,0.25,1,0,1,0,0,0,0,0,0,0,1,0
0.46153846153846156,1,0.3333333333333333,0.0,0.0,0.07059535600308132,0.40625,0,0,0,0,0,1,0,0,0,0,1,0
0.23076923076923078,1,0.6666666666666666,0.3333333333333333,0.0,0.18548475844613185,0.53125,0,0,0,0,0,0,1,0,0,0,1,0
0.40384615384615385,1,0.0,0.0,0.5,0.18377902498074172,0.40625,1,1,0,0,0,0,0,0,0,0,1,0
0.09615384615384616,1,0.6666666666666666,0.0,0.0,0.10426983602949268,0.71875,0,1,0,0,0,0,0,0,0,0,1,0
0.17307692307692307,0,0.6666666666666666,0.6666666666666666,0.5,0.21255639925167824,0.53125,0,0,1,0,0,0,0,0,0,0,0,1
0.13461538461538464,0,1.0,0.0,0.0,0.590073731704633,0.71875,0,0,0,0,0,1,0,0,0,0,1,0
0.19230769230769232,0,0.6666666666666666,0.0,0.0,0.09040387366567623,0.25,1,0,1,0,0,0,0,0,0,0,1,0
0.7307692307692308,0,1.0,1.0,0.0,0.05397821063057115,0.53125,1,0,0,0,0,0,1,0,0,0,0,1
0.576923076923077,1,0.3333333333333333,0.0,1.0,0.18741058655221746,0.65625,1,0,0,0,0,0,1,0,0,0,1,0
0.34615384615384615,1,0.3333333333333333,0.0,0.5,0.04974138879718279,0.15625,1,0,0,0,0,0,1,0,0,0,1,0
0.5,1,0.3333333333333333,0.0,0.0,0.20666886761307363,0.625,0,0,1,0,0,0,0,0,0,0,1,0
0.21153846153846156,1,0.6666666666666666,0.3333333333333333,0.5,0.15511169803015298,0.53125,1,0,0,0,0,1,0,0,0,1,0,0
0.21153846153846156,1,0.6666666666666666,0.0,0.0,0.0819852536590734,0.0625,1,0,0,0,0,0,1,0,0,0,0,1
0.5384615384615385,1,0.6666666666666666,0.0,0.5,0.11571475734565863,0.46875,1,0,1,0,0,0,0,0,0,0,1,0
0.19230769230769232,1,0.6666666666666666,0.0,0.0,0.18190822053483,0.34375,1,0,1,0,0,0,0,0,0,0,1,0
0.3076923076923077,1,0.6666666666666666,0.6666666666666666,0.0,0.11813579839330911,0.53125,0,0,0,0,0,0,1,0,0,0,1,0
0.057692307692307696,1,0.3333333333333333,0.0,0.5,0.011224826675470454,0.0625,1,0,0,0,0,0,0,1,0,0,1,0
0.13461538461538464,0,0.6666666666666666,0.0,0.5,0.08060966215472654,0.65625,1,0,0,0,0,0,1,0,0,0,1,0
0.07692307692307693,1,0.3333333333333333,0.6666666666666666,0.5,0.12490370859469573,0.59375,0,0,0,0,0,0,1,0,0,0,1,0
0.6730769230769231,0,1.0,0.0,0.0,0.1825685044569165,0.34375,1,0,0,0,0,0,1,0,0,0,0,1
0.19230769230769232,1,0.6666666666666666,0.0,0.0,0.3805436337625179,0.8125,1,0,0,0,0,0,1,0,0,0,0,1
0.40384615384615385,1,0.3333333333333333,0.0,0.0,0.20298228238142402,0.21875,1,0,1,0,0,0,0,0,0,0,1,0
0.057692307692307696,1,0.6666666666666666,0.3333333333333333,0.5,0.0695499064597777,0.34375,1,0,0,0,0,0,0,1,0,0,1,0
0.46153846153846156,1,0.3333333333333333,0.0,0.0,0.39303400462198745,0.53125,1,0,1,0,0,0,0,0,0,0,1,0
0.19230769230769232,0,0.0,0.0,0.0,0.05188731154396391,0.53125,0,0,1,0,0,0,0,0,0,0,0,1
0.3269230769230769,1,0.6666666666666666,0.0,0.0,0.3877517332452955,0.96875,0,1,0,0,0,0,0,0,0,0,0,1
0.2692307692307693,0,0.6666666666666666,0.0,0.0,0.14201606690877078,0.65625,1,0,0,0,0,0,1,0,0,0,1,0
0.7307692307692308,0,0.3333333333333333,0.6666666666666666,1.0,0.055463849455265765,0.53125,1,0,0,0,0,0,1,0,0,0,1,0
0.8653846153846154,0,0.6666666666666666,0.0,0.5,0.02767690106745901,0.0625,1,0,0,0,0,0,1,0,0,0,1,0
0.44230769230769235,1,0.6666666666666666,0.0,0.5,0.11978650819852536,0.40625,1,1,0,0,0,0,0,0,0,0,1,0
0.5384615384615385,1,0.3333333333333333,0.0,0.0,0.12589413447782546,0.53125,0,0,1,0,0,0,0,0,0,0,1,0
0.11538461538461539,1,0.6666666666666666,0.3333333333333333,0.5,0.055793991416309016,0.34375,0,0,1,0,0,0,0,0,0,0,0,1
0.576923076923077,1,0.6666666666666666,0.0,0.5,0.44767249917464513,0.65625,0,0,0,0,0,1,0,0,0,0,1,0
0.2692307692307693,1,1.0,0.0,0.0,0.2527786948387807,0.90625,0,1,0,0,0,0,0,0,0,0,0,1
0.17307692307692307,0,1.0,0.3333333333333333,1.0,0.14707824364476726,0.46875,1,0,1,0,0,0,0,0,0,0,1,0
0.13461538461538464,1,0.6666666666666666,0.0,0.0,0.43903378452734676,0.71875,0,0,1,0,0,0,0,0,0,0,1,0
0.21153846153846156,1,0.3333333333333333,0.0,0.0,0.09783206778914934,0.53125,1,0,0,0,0,1,0,0,0,0,1,0
0.11538461538461539,0,0.6666666666666666,0.0,0.0,0.06509298998569385,0.34375,1,0,0,0,0,1,0,0,0,0,0,1
0.2692307692307693,1,0.6666666666666666,0.0,1.0,0.3322878837900297,0.8125,1,1,0,0,0,0,0,0,0,0,1,0
0.8653846153846154,0,0.6666666666666666,0.3333333333333333,0.0,0.06377242214152085,0.28125,1,0,0,0,0,0,1,0,0,0,1,0
0.19230769230769232,1,1.0,0.0,0.0,0.3482447452404534,0.53125,1,0,1,0,0,0,0,0,0,1,0,0
0.5576923076923077,1,0.3333333333333333,0.0,0.5,0.08215032463959503,0.53125,1,0,0,0,0,0,1,0,0,0,1,0
0.34615384615384615,1,0.3333333333333333,0.0,0.0,0.18240343347639487,0.25,1,0,0,0,1,0,0,0,0,0,1,0
0.2884615384615385,1,0.3333333333333333,0.3333333333333333,0.0,0.07257620776934082,0.34375,1,0,0,0,0,0,1,0,0,0,1,0
0.07692307692307693,1,0.3333333333333333,0.0,0.0,0.09276989105315285,0.40625,1,0,0,0,0,0,1,0,0,0,0,1
0.21153846153846156,1,1.0,0.0,0.0,0.20408275558490152,0.71875,1,0,0,0,0,1,0,0,0,0,1,0
0.5961538461538461,1,0.6666666666666666,0.0,0.0,0.11775063277209201,0.25,1,0,1,0,0,0,0,0,0,0,1,0
0.23076923076923078,0,0.3333333333333333,0.0,0.0,0.0817651590183779,0.25,1,0,0,0,0,1,0,0,0,0,1,0
0.40384615384615385,1,1.0,0.0,0.0,0.19847034224716628,0.65625,1,0,1,0,0,0,0,0,0,0,1,0
0.3653846153846154,1,0.6666666666666666,0.0,0.0,0.030483107736326624,0.25,1,0,0,0,0,0,1,0,0,0,1,0
0.07692307692307693,1,0.6666666666666666,0.0,0.0,0.08776273797733025,0.84375,0,0,0,0,0,0,1,0,0,1,0,0
0.15384615384615385,1,0.6666666666666666,0.3333333333333333,0.5,0.23803235391218225,0.84375,1,0,1,0,0,0,0,0,0,0,1,0
